F0semitoneFrom27.5Hz_sma3nz_amean,F0semitoneFrom27.5Hz_sma3nz_stddevNorm,F0semitoneFrom27.5Hz_sma3nz_percentile20.0,F0semitoneFrom27.5Hz_sma3nz_percentile50.0,F0semitoneFrom27.5Hz_sma3nz_percentile80.0,F0semitoneFrom27.5Hz_sma3nz_pctlrange0-2,F0semitoneFrom27.5Hz_sma3nz_meanRisingSlope,F0semitoneFrom27.5Hz_sma3nz_stddevRisingSlope,F0semitoneFrom27.5Hz_sma3nz_meanFallingSlope,F0semitoneFrom27.5Hz_sma3nz_stddevFallingSlope,loudness_sma3_amean,loudness_sma3_stddevNorm,loudness_sma3_percentile20.0,loudness_sma3_percentile50.0,loudness_sma3_percentile80.0,loudness_sma3_pctlrange0-2,loudness_sma3_meanRisingSlope,loudness_sma3_stddevRisingSlope,loudness_sma3_meanFallingSlope,loudness_sma3_stddevFallingSlope,spectralFlux_sma3_amean,spectralFlux_sma3_stddevNorm,mfcc1_sma3_amean,mfcc1_sma3_stddevNorm,mfcc2_sma3_amean,mfcc2_sma3_stddevNorm,mfcc3_sma3_amean,mfcc3_sma3_stddevNorm,mfcc4_sma3_amean,mfcc4_sma3_stddevNorm,jitterLocal_sma3nz_amean,jitterLocal_sma3nz_stddevNorm,shimmerLocaldB_sma3nz_amean,shimmerLocaldB_sma3nz_stddevNorm,HNRdBACF_sma3nz_amean,HNRdBACF_sma3nz_stddevNorm,logRelF0-H1-H2_sma3nz_amean,logRelF0-H1-H2_sma3nz_stddevNorm,logRelF0-H1-A3_sma3nz_amean,logRelF0-H1-A3_sma3nz_stddevNorm,F1frequency_sma3nz_amean,F1frequency_sma3nz_stddevNorm,F1bandwidth_sma3nz_amean,F1bandwidth_sma3nz_stddevNorm,F1amplitudeLogRelF0_sma3nz_amean,F1amplitudeLogRelF0_sma3nz_stddevNorm,F2frequency_sma3nz_amean,F2frequency_sma3nz_stddevNorm,F2bandwidth_sma3nz_amean,F2bandwidth_sma3nz_stddevNorm,F2amplitudeLogRelF0_sma3nz_amean,F2amplitudeLogRelF0_sma3nz_stddevNorm,F3frequency_sma3nz_amean,F3frequency_sma3nz_stddevNorm,F3bandwidth_sma3nz_amean,F3bandwidth_sma3nz_stddevNorm,F3amplitudeLogRelF0_sma3nz_amean,F3amplitudeLogRelF0_sma3nz_stddevNorm,alphaRatioV_sma3nz_amean,alphaRatioV_sma3nz_stddevNorm,hammarbergIndexV_sma3nz_amean,hammarbergIndexV_sma3nz_stddevNorm,slopeV0-500_sma3nz_amean,slopeV0-500_sma3nz_stddevNorm,slopeV500-1500_sma3nz_amean,slopeV500-1500_sma3nz_stddevNorm,spectralFluxV_sma3nz_amean,spectralFluxV_sma3nz_stddevNorm,mfcc1V_sma3nz_amean,mfcc1V_sma3nz_stddevNorm,mfcc2V_sma3nz_amean,mfcc2V_sma3nz_stddevNorm,mfcc3V_sma3nz_amean,mfcc3V_sma3nz_stddevNorm,mfcc4V_sma3nz_amean,mfcc4V_sma3nz_stddevNorm,alphaRatioUV_sma3nz_amean,hammarbergIndexUV_sma3nz_amean,slopeUV0-500_sma3nz_amean,slopeUV500-1500_sma3nz_amean,spectralFluxUV_sma3nz_amean,loudnessPeaksPerSec,VoicedSegmentsPerSec,MeanVoicedSegmentLengthSec,StddevVoicedSegmentLengthSec,MeanUnvoicedSegmentLength,StddevUnvoicedSegmentLength,equivalentSoundLevel_dBp
38.15839385986328,0.0334269031882286,37.484596252441406,37.97385025024414,38.667724609375,1.1831283569335938,26.349748611450195,12.780314445495604,6.731128692626953,6.645737648010254,0.4948471188545227,0.5511901378631592,0.219089537858963,0.483828455209732,0.7250131368637085,0.5059236288070679,3.831238269805908,2.509121894836426,2.8927125930786133,1.903343915939331,0.0820672065019607,0.7790985107421875,-4.17254638671875,-2.452928304672241,-8.114450454711914,-1.4068478345870972,1.661927342414856,7.530992984771728,-15.25710105895996,-0.981772780418396,0.0086334235966205,1.6461073160171509,0.8895291686058044,0.5092414021492004,5.491918087005615,0.7111741304397583,4.359985828399658,2.058870792388916,7.325665950775146,0.9271425008773804,896.0401611328125,0.3523889780044555,1195.2933349609375,0.2550007104873657,-94.87413024902344,-1.010349154472351,1849.597900390625,0.1545179188251495,1201.588623046875,0.3095393776893616,-81.87423706054688,-1.1506682634353638,2765.487548828125,0.0856990292668342,1054.635009765625,0.337826520204544,-83.18071746826172,-1.120753288269043,1.167083501815796,4.2474141120910645,5.524282455444336,1.240610957145691,0.10205078125,0.1355901956558227,0.0014621763257309,7.452944755554199,0.1056790426373481,0.6039199829101562,0.4380765259265899,17.480865478515625,-10.11478328704834,-1.0419272184371948,0.5333706140518188,26.198392868041992,-24.194210052490234,-0.4674624502658844,8.70036792755127,-0.4250145554542541,0.0721680894494056,0.0198132116347551,0.0485846698284149,2.4048097133636475,1.6194331645965576,0.3624999821186065,0.3342061638832092,0.2349999994039535,0.2228788882493972,-34.43231964111328
37.93331527709961,0.0524578541517257,36.18928909301758,37.966270446777344,38.83785629272461,2.6485671997070312,32.00815963745117,38.8189697265625,23.536415100097656,1.5358716249465942,0.3780479729175567,0.517419159412384,0.197372704744339,0.3653014600276947,0.5472594499588013,0.3498867452144623,5.065018653869629,2.297981023788452,2.1228268146514893,1.2963879108428955,0.0649096593260765,0.8170074820518494,-0.7447209358215332,-14.724003791809082,-7.934110164642334,-1.6328505277633667,1.0398578643798828,11.72900104522705,-15.258292198181152,-0.9448442459106444,0.0147047471255064,1.3912911415100098,1.1285808086395264,0.6968465447425842,4.728287696838379,0.9660475254058838,0.9233238697052002,9.510883331298828,7.801918983459473,0.9325096011161804,807.80126953125,0.332820862531662,1299.4482421875,0.1920187175273895,-99.30167388916016,-0.9550648331642152,1785.384765625,0.1598166227340698,1203.5196533203125,0.2537235915660858,-87.75899505615234,-1.0495506525039673,2703.741943359375,0.0837711542844772,992.8230590820312,0.2539573013782501,-89.52312469482422,-1.0115578174591064,-0.3969307243824005,-13.893329620361328,8.530232429504395,0.7585442066192627,0.09575866907835,0.1598989218473434,0.0076017444953322,1.28095805644989,0.0808645039796829,0.6420825123786926,4.470442295074463,1.7335306406021118,-11.035022735595703,-1.1520715951919556,-2.060189962387085,-6.492506504058838,-22.49653625488281,-0.5284119248390198,7.1519880294799805,0.6572975516319275,0.072659708559513,0.0190244726836681,0.0399999469518661,3.2064130306243896,1.825557827949524,0.3111110925674438,0.2808100879192352,0.1939999908208847,0.2190068364143371,-37.98481369018555
36.64823913574219,0.0577936358749866,35.0447998046875,36.4301986694336,37.76477813720703,2.7199783325195312,63.913818359375,68.03915405273438,42.72968673706055,52.858543395996094,0.3572284281253814,0.5122241377830505,0.1852050721645355,0.3491315841674804,0.5163823962211609,0.3311773240566253,5.466985702514648,2.631026268005371,3.2016212940216064,1.7912980318069458,0.0678042471408844,0.7044602632522583,-0.9495400190353394,-12.077166557312012,-9.251595497131348,-1.287274718284607,5.666934967041016,1.884596586227417,-11.993064880371094,-0.928812861442566,0.0190362371504306,1.091465950012207,1.3678383827209473,0.5463322401046753,2.8042759895324707,1.3016786575317385,2.4860708713531494,3.753441572189331,6.362278461456299,1.2688891887664795,915.9907836914062,0.2903084456920624,1221.257080078125,0.2105530947446823,-103.26973724365234,-0.891115128993988,1858.932373046875,0.1359889656305313,1244.958984375,0.2554308176040649,-95.31121826171876,-0.9627041220664978,2734.54833984375,0.0720795392990112,1033.6365966796875,0.2064894437789917,-96.18106079101562,-0.9456693530082704,1.0440359115600586,4.855015754699707,6.987311363220215,0.9400421380996704,0.0948457494378089,0.1627563089132309,0.0085423905402421,1.212180256843567,0.0888082310557365,0.5008829236030579,4.111809730529785,1.9515384435653689,-13.46543025970459,-0.9163590669631958,4.052058219909668,2.862757921218872,-16.615867614746094,-0.6542665362358093,7.000929355621338,0.2347144931554794,0.0769908875226974,0.0161102078855037,0.0421139746904373,4.208416938781738,3.0364372730255127,0.168666660785675,0.1024282872676849,0.1312499940395355,0.1710948199033737,-38.80226516723633
38.24161911010742,0.1642628610134124,34.051700592041016,35.8900260925293,40.31667709350586,6.264976501464844,112.27342224121094,144.63851928710938,75.42206573486328,133.7728271484375,0.3924804627895355,0.5791724920272827,0.1904877871274948,0.3403515517711639,0.6119056940078735,0.4214178919792175,4.736265659332275,2.766404390335083,3.368002891540528,1.5791022777557373,0.0779329910874366,0.954589307308197,1.8927651643753047,6.598813056945801,-10.534991264343262,-0.9846004247665404,9.831022262573242,1.396186351776123,-14.854867935180664,-1.147028923034668,0.0262063685804605,1.8200359344482424,1.535548448562622,0.7835118174552917,3.2538912296295166,1.458835482597351,-0.1484635472297668,-60.71952819824219,0.7191920280456543,16.393253326416016,871.6427001953125,0.3081598281860351,1195.80029296875,0.2432758957147598,-84.05012512207031,-1.0701730251312256,1863.731201171875,0.1376207768917083,1086.2095947265625,0.3806730508804321,-73.59178161621094,-1.1700252294540403,2750.9765625,0.0707441419363021,1070.2144775390625,0.2853582203388214,-71.93977355957031,-1.2151896953582764,0.8343720436096191,7.293678283691406,5.9958815574646,1.3294196128845217,0.0870227143168449,0.2279273569583892,0.0048885475844144,2.444714307785034,0.0965774953365325,0.841850221157074,6.948695659637451,1.2254351377487185,-12.781466484069824,-0.8255194425582886,10.697809219360352,1.4773796796798706,-19.40530776977539,-0.948185384273529,7.724891662597656,-0.1168574839830398,0.074696347117424,0.0166846700012683,0.0408466197550296,3.2064130306243896,2.647657871246338,0.2407692223787307,0.3416129648685455,0.1169230714440345,0.1896711438894271,-36.89833068847656
38.29706573486328,0.1498359590768814,34.118743896484375,36.59540939331055,40.36118316650391,6.242439270019531,136.8493194580078,142.66160583496094,116.37152099609376,143.2510223388672,0.4317429363727569,0.4784872233867645,0.2480053752660751,0.3942127525806427,0.6257314682006836,0.3777260780334472,4.718136787414551,2.4870564937591557,3.015221118927002,1.394670844078064,0.0875152647495269,0.8194186091423035,3.0721004009246826,3.226081132888794,-9.971810340881348,-1.2523324489593506,8.638636589050293,1.747617244720459,-15.076128959655762,-1.1227259635925293,0.0315099731087684,1.8293466567993164,1.5240113735198977,0.7564472556114197,3.004915475845337,1.656316161155701,0.2020039856433868,42.46632766723633,1.5731078386306765,7.036909103393555,885.6951904296875,0.295766532421112,1204.4429931640625,0.2581011950969696,-69.17741394042969,-1.2401360273361206,1875.312255859375,0.1357001513242721,1085.9085693359375,0.3414341509342193,-60.64935302734375,-1.3288514614105225,2758.223876953125,0.0712218210101127,1089.3504638671875,0.2960279285907745,-59.08624267578125,-1.3823771476745603,0.601630687713623,10.29425048828125,6.3289995193481445,1.1994009017944336,0.0878631696105003,0.2369744181632995,0.0039271502755582,2.792642593383789,0.0924901664257049,0.847297728061676,5.542739391326904,1.5398015975952148,-11.679872512817385,-0.9418716430664062,8.558587074279785,1.924657702445984,-18.38879776000977,-0.9669630527496338,4.575196743011475,2.327313184738159,0.0779670476913452,0.008112165145576,0.0749495401978492,4.008016109466553,2.647657871246338,0.2661538422107696,0.3435457050800323,0.0999999940395355,0.0909212082624435,-36.49895095825195
37.017765045166016,0.1112070232629776,33.90275955200195,35.71672821044922,39.95543670654297,6.052677154541016,59.85641860961914,38.70159912109375,227.72024536132807,307.45721435546875,0.386727511882782,0.4375543594360351,0.2347999811172485,0.3572824001312256,0.5260307192802429,0.2912307381629944,5.034660816192627,2.4533963203430176,3.151094675064087,1.1658164262771606,0.0803470015525817,0.7126771807670593,-4.414172649383545,-2.6073226928710938,-10.104915618896484,-1.217097282409668,5.579854965209961,2.538827657699585,-10.629897117614746,-1.027753233909607,0.0288745611906051,1.6816233396530151,1.4458909034729004,0.5835522413253784,1.3870511054992676,2.669875383377075,-2.177966594696045,-4.235911846160889,2.0278000831604004,3.878243923187256,966.7621459960938,0.2553624808788299,1167.373291015625,0.3120949566364288,-109.25602722167967,-0.8442458510398865,1900.0911865234373,0.1340308338403701,1283.129150390625,0.3057896792888641,-100.72782135009766,-0.9175419807434082,2777.7900390625,0.0750083699822425,1055.9622802734375,0.2196720093488693,-101.07784271240234,-0.9049768447875975,2.543623447418213,2.263918161392212,6.3096442222595215,1.2584694623947144,0.0894499495625495,0.1831843554973602,0.0072834338061511,1.475709319114685,0.0939656496047973,0.6765055656433105,0.9854432940483092,8.471559524536133,-11.62550163269043,-1.010715365409851,2.4251644611358643,6.574558734893799,-13.42384910583496,-0.7863798141479492,9.267072677612305,-1.3609275817871094,0.0782069191336631,0.0140704596415162,0.0640003085136413,4.609218597412109,3.4482760429382324,0.1382352858781814,0.1338671445846557,0.140625,0.1410881131887436,-37.86459732055664
35.946590423583984,0.103729598224163,33.27447509765625,35.20292282104492,37.321434020996094,4.046958923339844,39.65204620361328,11.421449661254885,105.5355224609375,118.85089111328124,0.3756079375743866,0.4970587491989136,0.1925208270549774,0.3807197511196136,0.5362468957901001,0.3437260687351227,4.429766654968262,2.7221100330352783,2.6932930946350098,1.5806277990341189,0.0704537332057952,0.7888099551200867,-7.135589599609375,-1.9251729249954224,-4.076254367828369,-2.958784818649292,15.228856086730955,1.2875134944915771,-14.513059616088867,-1.147860050201416,0.0121712768450379,1.6065720319747925,1.2261757850646973,0.5745105743408203,3.3090646266937256,1.150210738182068,-0.1344282329082489,-71.78453826904297,-0.7333307862281799,-10.24246883392334,797.0318603515625,0.4229395687580108,1133.9132080078125,0.2881333529949188,-110.29060363769533,-0.8420401215553284,1846.2239990234373,0.1335035860538482,957.8603515625,0.5840781927108765,-94.09678649902344,-0.9640331864356996,2728.54443359375,0.0815250128507614,1107.2296142578125,0.2686688303947449,-89.35347747802734,-1.055612564086914,3.1520845890045166,1.8907263278961184,3.7910308837890634,2.279489278793335,0.0857758447527885,0.1879368126392364,0.0002420722594251,57.74016571044922,0.0921010673046112,0.665402352809906,-0.303611695766449,-28.276580810546875,-1.7754253149032593,-7.178985595703125,21.269798278808597,1.0937705039978027,-23.489164352416992,-0.6478614807128906,12.697870254516602,-3.4238595962524414,0.0709473937749862,0.0218254681676626,0.0445723161101341,2.8056113719940186,2.028397560119629,0.2679999768733978,0.302978515625,0.2049999982118606,0.2832048833370209,-37.274532318115234
35.97834777832031,0.0676194876432418,34.05842208862305,35.35799026489258,37.143253326416016,3.0848312377929688,112.18675994873048,156.88206481933594,6.934831142425537,5.1816511154174805,0.4110060334205627,0.6842263340950012,0.1688551306724548,0.3764237463474273,0.5823943018913269,0.413539171218872,4.506686210632324,3.5209059715271,3.4405791759490967,2.848895311355591,0.0825424343347549,1.1469593048095703,-4.950703144073486,-3.0537304878234863,-2.6107537746429443,-5.6197919845581055,11.53475284576416,1.7530977725982666,-14.466367721557615,-1.2718502283096311,0.0089008267968893,1.3982436656951904,1.086431860923767,0.5002545118331909,4.8581132888793945,0.7693719863891602,0.5339404344558716,16.534032821655273,2.9234235286712646,3.096235513687134,782.4088134765625,0.3912735879421234,1197.2327880859375,0.2455307096242904,-97.29273986816406,-0.9876288771629332,1846.455322265625,0.1320209354162216,934.9102172851562,0.470369428396225,-86.23090362548828,-1.047641634941101,2726.85546875,0.0798589512705802,1091.190185546875,0.2987376749515533,-82.23207092285156,-1.1360688209533691,0.3619482517242431,18.666751861572266,7.494234561920166,1.1750197410583496,0.0835449695587158,0.2278747409582138,0.0016669490141794,8.335273742675781,0.1108246371150016,0.9891576170921326,2.8657846450805664,3.0140380859375,-3.33693528175354,-4.777674198150635,14.86623191833496,1.6437352895736694,-24.574575424194336,-0.6066470146179199,11.531942367553713,-2.126692056655884,0.0661699399352073,0.0251323021948337,0.0358659774065017,2.0040080547332764,1.217038631439209,0.4916666746139526,0.2987427115440368,0.3740000128746032,0.3051294684410095,-34.44941329956055
37.04045867919922,0.067218892276287,35.159053802490234,35.97314453125,40.29759216308594,5.138538360595703,18.586463928222656,17.651124954223633,10.66019058227539,6.241113662719727,0.5041471719741821,0.6416637897491455,0.2320836782455444,0.4224189221858978,0.7684131264686584,0.536329448223114,5.824085235595703,4.582135200500488,4.561513900756836,2.1924712657928467,0.1127009093761444,0.9422957301139832,-3.900537014007568,-4.016603946685791,-13.447869300842283,-1.12593412399292,-4.203877925872803,-2.510428667068481,-12.766605377197266,-1.139211654663086,0.0133821228519082,1.1623947620391846,1.1886969804763794,0.4928953945636749,4.471075534820557,0.8994894027709961,-4.729300498962402,-1.5939339399337769,4.384715557098389,1.5910390615463257,911.6699829101562,0.2879571914672851,1252.1331787109375,0.2231234461069107,-86.72413635253906,-1.133698582649231,1868.66357421875,0.1529214233160019,1248.8033447265625,0.232562243938446,-81.25843811035156,-1.1588263511657717,2754.542724609375,0.0718298926949501,996.65869140625,0.2640108168125152,-82.9798812866211,-1.1157995462417605,-0.2383913844823837,-22.24784469604492,11.154963493347168,0.5458346009254456,0.0869640186429023,0.2316124588251114,0.0055606598034501,1.8988853693008425,0.1566314697265625,0.7266759276390076,5.54186487197876,1.291390895843506,-18.26526260375977,-0.8107975721359253,-8.163253784179688,-1.234295129776001,-20.296707153320312,-0.5477586388587952,12.741348266601562,-0.9744362831115724,0.0671306848526001,0.0238960776478052,0.0428476184606552,3.2064130306243896,1.829268217086792,0.321111112833023,0.2160989642143249,0.2299999892711639,0.2266605347394943,-32.46363830566406
36.82280731201172,0.0778813064098358,34.9975471496582,35.96580123901367,40.049415588378906,5.051868438720703,42.80701446533203,29.70467758178711,25.0830192565918,19.473609924316406,0.4867056906223297,0.5030550956726074,0.2860196828842163,0.4473408162593841,0.6443425416946411,0.3583228588104248,5.728085994720459,4.134744167327881,3.590402364730835,2.010295152664185,0.0995600149035453,0.7190309762954712,-9.358270645141602,-1.8286343812942505,-11.28391170501709,-1.1322685480117798,-1.9357774257659912,-5.529234886169434,-12.22860336303711,-1.0401811599731443,0.0169618818908929,1.3776954412460327,1.200453758239746,0.4155359864234924,2.88942813873291,1.2943925857543943,-3.939627170562744,-1.7030876874923706,4.403968811035156,1.4313249588012695,889.1475830078125,0.3347617387771606,1248.919189453125,0.2399041354656219,-105.55565643310548,-0.9290971159934998,1832.9715576171875,0.1624131649732589,1227.2772216796875,0.2491619437932968,-94.5235595703125,-1.0199544429779053,2739.607421875,0.0714055225253105,1028.7125244140625,0.302058070898056,-96.11837768554688,-0.9859671592712402,1.0973646640777588,3.6237752437591553,8.629990577697754,0.6589844226837158,0.0930627733469009,0.1837476938962936,0.0011560353450477,7.263951778411865,0.1358940005302429,0.5458614230155945,3.138289451599121,2.876678228378296,-16.551860809326172,-0.8026030659675598,-4.637064933776856,-2.375732898712158,-19.710474014282227,-0.4707292914390564,15.481905937194824,-4.235367774963379,0.0693713501095771,0.0221617743372917,0.0577919222414493,3.6072146892547607,2.2357723712921143,0.2281818091869354,0.1562525928020477,0.2411110997200012,0.2436502277851104,-34.15311813354492
37.1051139831543,0.0775800570845604,34.57633590698242,36.40528106689453,39.88225936889648,5.305923461914063,104.9899673461914,140.25933837890625,35.96038055419922,37.16283798217773,0.4432430863380432,0.3809676766395569,0.3036089241504669,0.4310767948627472,0.5747001767158508,0.2710912525653839,4.7355241775512695,2.265592575073242,3.1359972953796387,1.8156992197036743,0.0889507532119751,0.669702410697937,-6.013792037963867,-2.5853302478790283,-7.837424278259277,-1.273260474205017,3.2983548641204834,3.862339496612549,-13.9934720993042,-0.9780872464179992,0.0204426199197769,1.2318813800811768,1.303196668624878,0.6322169303894043,1.6551926136016846,2.177192211151123,-0.1344742327928543,-63.845096588134766,5.897428035736084,1.2624472379684448,819.1731567382812,0.3586145341396332,1240.724365234375,0.2552889585494995,-105.00299835205078,-0.8877601027488708,1787.2135009765625,0.1479175835847854,1153.8341064453125,0.3887750208377838,-88.75008392333984,-1.0306048393249512,2726.1806640625,0.0798713117837905,1047.09375,0.3004133701324463,-89.38987731933594,-1.0161066055297852,1.1275359392166138,4.383803844451904,6.646219253540039,1.0066341161727903,0.094420202076435,0.1561953574419021,-0.0005360239301808,-18.636499404907227,0.1078490242362022,0.5941467881202698,2.120581865310669,4.163888931274414,-11.553874969482422,-0.8122811317443848,3.639424562454224,4.102704048156738,-19.17204475402832,-0.6410968899726868,10.838889122009276,-2.6396005153656006,0.0794014483690261,0.0135698458179831,0.0648704245686531,4.408817768096924,3.0364372730255127,0.1793333142995834,0.1327888816595077,0.1484615355730056,0.1603288054466247,-37.13240814208984
36.85219955444336,0.0566568486392498,35.150569915771484,36.51559448242188,39.303165435791016,4.152595520019531,88.41641235351562,138.39013671875,32.426025390625,36.396114349365234,0.359375536441803,0.6271748542785645,0.1511825025081634,0.3571532666683197,0.5167015790939331,0.3655190765857696,5.116400718688965,1.9794975519180296,2.8412749767303467,1.6117100715637207,0.0723794400691986,0.9580833315849304,1.8192718029022217,4.827609062194824,-7.635879993438721,-1.5648815631866455,4.021022319793701,3.323669195175171,-9.597063064575195,-1.544041872024536,0.017677292227745,1.1314191818237305,1.3326431512832642,0.7705193758010864,2.4907867908477783,1.659671664237976,0.8306018710136414,10.271200180053713,7.116518497467041,1.0889893770217896,816.1054077148438,0.3361944258213043,1266.9583740234375,0.1958191990852356,-114.10652160644533,-0.8074215650558472,1791.98388671875,0.1384530216455459,1166.9622802734375,0.4519694149494171,-100.88859558105467,-0.9103918671607972,2718.793701171875,0.077980913221836,1017.25048828125,0.248814046382904,-101.13948822021484,-0.9059851169586182,-0.8731771111488342,-5.518760681152344,8.460776329040527,0.7908545136451721,0.0921037793159484,0.1719715446233749,0.0028922336641699,4.051609992980957,0.093667946755886,0.8261978626251221,5.381609916687012,1.1059755086898804,-10.752541542053224,-0.906531810760498,5.44640064239502,2.675801038742065,-16.13405990600586,-0.8465043902397156,3.118683338165283,4.502002716064453,0.0749964863061904,0.0120217856019735,0.0511265583336353,3.406813859939575,2.429149866104126,0.2049999982118606,0.1472809016704559,0.202727273106575,0.2712627351284027,-38.06968307495117
36.99470520019531,0.1157600060105323,35.409088134765625,35.81263732910156,36.817962646484375,1.40887451171875,22.1242790222168,0.0,-3.5776774883270264,0.0,0.1672298908233642,1.1110919713974,0.0350448116660118,0.100062757730484,0.2443113327026367,0.2092665135860443,4.257734775543213,2.806371688842773,2.059561491012573,2.080119371414185,0.0267354287207126,1.736177682876587,0.956305205821991,10.463134765625,-6.551432132720947,-1.818342447280884,-1.1403145790100098,-10.169914245605469,0.4567744433879852,24.709278106689453,0.015553705394268,1.0900686979293823,1.2676101922988892,0.8016178011894226,3.584047317504883,1.123745083808899,1.269715428352356,5.790051937103272,8.396791458129883,0.938579559326172,883.95263671875,0.2873470485210418,1228.0543212890625,0.2320311516523361,-168.2744598388672,-0.415353000164032,1864.256103515625,0.1411383748054504,1164.9586181640625,0.442084938287735,-163.2606201171875,-0.450628250837326,2770.51611328125,0.0809646770358085,928.1867065429688,0.1751576513051986,-163.39852905273438,-0.4486980140209198,-2.423398971557617,-2.205824851989746,11.321810722351074,0.4661471843719482,0.0860705003142356,0.2227975875139236,0.0114560173824429,0.9515324234962464,0.0543035417795181,1.1671417951583862,6.435329914093018,1.0060564279556274,-7.315306663513184,-1.582973599433899,6.013669967651367,1.7694683074951172,-11.005990028381348,-0.9973955154418944,2.8513400554656982,4.701257705688477,0.0625168085098266,0.0205547884106636,0.02021443285048,1.2024048566818235,1.0141987800598145,0.1860000044107437,0.1980505138635635,0.6483333706855774,0.6843101978302002,-43.09632110595703
40.190467834472656,0.105458989739418,37.88612747192383,38.67074966430664,40.41234588623047,2.5262184143066406,152.34243774414062,103.67707061767578,37.90801239013672,0.0,0.1330574303865432,0.749108612537384,0.0465955212712287,0.1280533820390701,0.1820891350507736,0.1354936063289642,1.6689832210540771,2.3912193775177,1.1700841188430786,0.9202667474746704,0.0148874800652265,1.2297717332839966,-3.562591552734375,-2.707420825958252,-11.17046070098877,-0.902612030506134,-6.075366497039795,-1.4080556631088257,-2.684872627258301,-3.982928991317749,0.0148758832365274,1.0085018873214722,0.9465520977973938,0.4678679704666137,2.8969156742095947,1.3980858325958252,0.0166634209454059,601.4224853515625,4.448995113372803,2.527204751968384,911.993896484375,0.2458601593971252,1210.2886962890625,0.3426784873008728,-177.30429077148438,-0.3471756279468536,1929.866943359375,0.1389626115560531,1079.0391845703125,0.1775689423084259,-172.23130798339844,-0.3792106211185455,2811.521728515625,0.0834188684821128,998.4390258789062,0.2255832999944687,-172.35440063476562,-0.3769383132457733,1.8822709321975708,4.3220062255859375,9.0484619140625,0.6419919729232788,0.0807629749178886,0.2602002918720245,0.014812046661973,1.0781313180923462,0.0341385006904602,0.9025103449821472,-1.8282649517059328,-4.510502815246582,-11.714163780212402,-1.1267216205596924,-6.2026896476745605,-1.294440746307373,-12.39891242980957,-0.7816612124443054,4.69291877746582,3.2101833820343018,0.0610486790537834,0.0219331122934818,0.0111328065395355,2.4048097133636475,1.419878363609314,0.0885714218020439,0.0804324969649314,0.5174999833106995,0.6160306334495544,-49.42336654663086
38.02410888671875,0.0507905296981334,36.276153564453125,37.97105407714844,40.13345718383789,3.8573036193847656,51.289527893066406,57.49967575073242,31.205535888671875,31.01355361938477,0.2611203789710998,0.5262743234634399,0.1357822269201278,0.2360289096832275,0.3799756169319153,0.2441933900117874,2.657963752746582,2.337454319000244,1.7993980646133425,1.029227614402771,0.0380130261182785,0.8254887461662292,-6.552159786224365,-1.42441987991333,-11.087698936462402,-0.863675057888031,-0.2926039397716522,-38.37041091918945,-10.971282958984377,-0.9569222331047058,0.0175511166453361,1.2126458883285522,1.141210675239563,0.6859302520751953,2.9041433334350586,1.4418280124664309,3.53803825378418,3.1871888637542725,4.857342720031738,1.859563231468201,791.8969116210938,0.3739659488201141,1258.466552734375,0.2634483873844147,-155.8058624267578,-0.4989423155784607,1797.1051025390625,0.1567654758691787,1066.16357421875,0.2549544870853424,-141.65286254882812,-0.5969824194908142,2702.596435546875,0.0798505172133445,1029.642822265625,0.2236729860305786,-141.42291259765625,-0.600240170955658,0.3019548058509826,21.355318069458008,7.703039169311523,0.7652755975723267,0.0897710993885994,0.2144533097743988,0.0046029505319893,3.0514321327209477,0.058579072356224,0.6433825492858887,0.9608825445175172,8.06922721862793,-9.241958618164062,-1.192003607749939,4.9028143882751465,2.6801023483276367,-15.75291633605957,-0.6761848330497742,7.120059490203857,1.2641044855117798,0.0712583065032959,0.0173197351396083,0.0292103067040443,3.2064130306243896,2.024291515350342,0.1389999985694885,0.0671490877866745,0.2758333384990692,0.3111660182476043,-42.93904113769531
37.82195281982422,0.0427295304834842,36.6334228515625,37.89264678955078,39.57397079467773,2.9405479431152344,57.64410781860352,60.8908576965332,9.479962348937988,4.311726093292236,0.311431735754013,0.6361862421035767,0.1315245032310485,0.3140411674976349,0.3970073461532593,0.2654828429222107,2.975104808807373,2.021979808807373,1.4871058464050293,1.0317168235778809,0.0467458181083202,1.014542818069458,-6.936276912689209,-1.6368062496185305,-6.865002632141113,-1.3634644746780396,4.158914089202881,2.575892448425293,-10.49857234954834,-1.3385109901428225,0.0135729918256402,1.3115133047103882,1.0907353162765503,0.7018956542015076,4.971126556396484,0.8461146354675293,9.229459762573242,1.0020339488983154,7.892938613891602,1.033151626586914,769.6373901367188,0.3796271085739136,1236.067626953125,0.2207681238651275,-149.7924346923828,-0.5427711009979248,1763.1607666015625,0.1442869752645492,1044.2938232421875,0.2835608422756195,-130.76553344726562,-0.681097686290741,2706.2744140625,0.0825782492756843,987.5508422851562,0.2354348301887512,-130.85830688476562,-0.6803926229476929,-2.841162919998169,-2.2265312671661377,9.014082908630373,0.8368675708770752,0.0923319533467292,0.1967504173517227,0.0049700723029673,2.7700161933898926,0.0787741765379905,0.7681459188461304,3.115804672241211,2.125380754470825,-4.819913864135742,-2.428490161895752,10.869683265686035,0.8607478737831116,-16.821762084960938,-0.9775444865226746,8.863994598388672,-0.8045993447303772,0.0724100545048713,0.0208806321024894,0.0286362245678901,1.8036073446273804,1.214574933052063,0.2966666519641876,0.3274480402469635,0.4328571259975433,0.5891329050064087,-39.225059509277344
39.23219680786133,0.1110396310687065,37.60408782958984,38.04203414916992,39.53610229492188,1.9320144653320312,219.29981994628903,0.0,2.887623786926269,0.0,0.2304032742977142,0.8545354008674622,0.0919986516237258,0.1485136896371841,0.3397271335124969,0.247728481888771,0.9867445826530457,0.3639146387577057,0.2813790142536163,0.502022922039032,0.0305526237934827,1.447948694229126,-9.494032859802246,-1.0417611598968506,-6.779660224914551,-1.2951580286026,3.081679105758667,3.3948161602020264,-6.28237247467041,-1.9973095655441284,0.0095954500138759,0.9244225025177002,0.9289438724517822,0.5971000790596008,6.3670430183410645,0.5411983132362366,10.759845733642578,0.6509531736373901,9.127570152282717,0.985669732093811,814.3914184570312,0.307335764169693,1236.0020751953125,0.2248485684394836,-172.44920349121094,-0.3878892660140991,1798.3841552734375,0.1342842131853103,1058.973388671875,0.249181255698204,-160.3829803466797,-0.4725342094898224,2748.87353515625,0.0843921676278114,955.5211791992188,0.2250386774539947,-160.7062530517578,-0.4678699374198913,-4.477667331695557,-1.5149341821670532,10.416452407836914,0.8018697500228882,0.0886937081813812,0.226833313703537,0.011031930334866,1.3543519973754885,0.0777424424886703,0.9583427906036376,2.9203011989593506,2.231882810592652,-1.7530673742294312,-6.731868267059326,9.123414039611816,0.7422777414321899,-16.037616729736328,-1.2049791812896729,9.727705001831056,-1.313673734664917,0.0672648474574089,0.025780564174056,0.0172779560089111,0.8016032576560974,0.4048582911491394,0.5349999666213989,0.4849999845027923,1.2733333110809326,0.7595759630203247,-40.69585418701172
40.65681076049805,0.1376538276672363,35.726409912109375,40.10713577270508,44.089088439941406,8.362678527832031,19.99245262145996,25.38084602355957,33.23883819580078,1.992898941040039,0.2725800275802612,0.7471649050712585,0.1004476547241211,0.2009847164154052,0.4168993830680847,0.3164517283439636,4.575891494750977,3.0498995780944824,2.190369129180908,1.4664355516433716,0.0459896177053451,1.2118098735809326,-8.250484466552734,-1.246072769165039,-9.94148063659668,-1.0092464685440063,0.7075690031051636,14.851031303405762,-8.276826858520508,-1.3525484800338743,0.0216169580817222,1.581717014312744,1.115825653076172,0.563452422618866,3.56360125541687,1.2060376405715942,4.277927398681641,2.1747472286224365,9.73621940612793,0.7473379969596863,913.868408203125,0.270088255405426,1209.0,0.2474677860736847,-155.88943481445312,-0.5174524784088135,1892.4615478515625,0.1355137676000595,1267.0528564453125,0.3884842693805694,-147.0584716796875,-0.5779845118522644,2738.80712890625,0.0726813003420829,1017.5213623046876,0.2010566294193267,-148.10084533691406,-0.5622360110282898,-0.7018239498138428,-6.425854682922363,10.065805435180664,0.4499663412570953,0.0938264951109886,0.231113851070404,0.0034083477221429,3.086212396621704,0.0986417308449745,0.7270463705062866,1.6922653913497925,4.666365146636963,-13.155054092407228,-1.0123549699783323,-5.675848960876465,-1.6261059045791626,-19.71074104309082,-0.5164444446563721,9.70613956451416,-0.9601136445999146,0.0693703815340995,0.0229970663785934,0.0263854600489139,2.605210542678833,1.012145757675171,0.2660000026226043,0.1415061801671981,0.6980000138282776,0.5804274678230286,-39.70998001098633
38.1885986328125,0.1022573560476303,35.68675231933594,37.11265563964844,40.83407974243164,5.147327423095703,71.71090698242188,60.86912155151367,6.358084678649902,11.241119384765623,0.3871278166770935,0.5391526222229004,0.1812773942947387,0.3522723615169525,0.5520675778388977,0.3707901835441589,4.57307243347168,2.361186981201172,2.6956682205200195,1.325263738632202,0.0681322664022445,0.802758514881134,-6.048083305358887,-1.8738270998001096,-9.350717544555664,-1.218983769416809,0.5623562335968018,19.19574546813965,-9.564871788024902,-1.1379261016845703,0.0189674831926822,1.4921122789382937,1.0909829139709473,0.5557037591934204,3.279447555541992,1.2545514106750488,3.8205082416534415,2.190324544906616,8.153294563293457,0.9285434484481812,878.41162109375,0.3142080903053283,1226.6790771484375,0.2368132472038269,-113.7770004272461,-0.8121996521949768,1838.94189453125,0.1438792496919632,1227.9864501953125,0.3306823372840881,-103.30502319335938,-0.902046263217926,2716.03515625,0.0737439095973968,1035.790283203125,0.1944103688001632,-104.47956085205078,-0.880480945110321,-0.2993501722812652,-14.294758796691896,8.578219413757324,0.5996482968330383,0.0933455526828765,0.1990760713815689,0.0046435422264039,1.90338671207428,0.090446226298809,0.6379180550575256,1.453916072845459,4.902002334594727,-9.89919376373291,-1.2554008960723877,-0.9644056558609008,-13.427542686462402,-15.218140602111816,-0.7073427438735962,9.885013580322266,-0.4942997992038727,0.0716950297355651,0.0185128338634967,0.0460549853742122,3.406813859939575,2.2267205715179443,0.21636363863945,0.1160151064395904,0.2109090983867645,0.2241531312465667,-37.47731399536133
37.71871948242188,0.0583037994801998,36.10956573486328,37.50041961669922,39.4864616394043,3.376895904541016,58.68114471435547,53.364524841308594,4.406707763671875,2.874617338180542,0.4933975338935852,0.5071951746940613,0.293170154094696,0.4529286921024322,0.6599725484848022,0.3668023943901062,5.273678302764893,3.6166067123413086,3.191108465194702,1.8934438228607176,0.0954567119479179,0.837959349155426,-3.04471492767334,-3.489071846008301,-9.931450843811035,-1.1986390352249146,2.9751415252685547,4.565402507781982,-16.34937286376953,-0.9451751112937928,0.0138579383492469,1.014530897140503,1.1238737106323242,0.5807207822799683,4.10172700881958,0.960796058177948,-0.0195379573851823,-455.7374877929688,5.637043952941895,1.3601529598236084,798.761962890625,0.3474576771259308,1237.5679931640625,0.1956711113452911,-86.69082641601562,-1.0619771480560305,1793.2957763671875,0.1435350179672241,1075.1407470703125,0.2664101719856262,-75.88190460205078,-1.1529312133789062,2696.16748046875,0.0845444127917289,1058.40966796875,0.3064208030700683,-75.96173095703125,-1.1510086059570312,-0.7784996032714844,-6.624921798706055,8.776047706604004,0.7832505106925964,0.0901203602552414,0.1762429922819137,0.0032494456972926,3.5884816646575928,0.1194012984633445,0.7435240745544434,2.4414165019989014,2.2717881202697754,-10.508783340454102,-1.1601852178573608,2.686034679412842,5.796571254730225,-22.681346893310547,-0.6427456140518188,10.015392303466797,-0.3621523380279541,0.067046895623207,0.0182471815496683,0.0514880716800689,3.8076155185699454,2.2267205715179443,0.2836363613605499,0.3076087534427643,0.145454540848732,0.2001528292894363,-34.29544448852539
37.61406707763672,0.0592927262187004,35.793392181396484,37.08743667602539,39.41090393066406,3.617511749267578,64.45529174804688,120.06591033935548,59.95466995239258,76.20816802978516,0.5105962753295898,0.4616859257221222,0.3157793283462524,0.4568390846252441,0.6900582313537598,0.3742789030075073,6.279340744018555,3.6013686656951904,3.3279871940612797,2.179730176925659,0.1010883226990699,0.7877625823020935,-0.3874810636043548,-26.790260314941406,-8.018059730529785,-1.8461408615112305,7.212399959564209,2.199257135391236,-18.5260066986084,-0.8862771987915039,0.022179901599884,3.0313799381256104,1.1711201667785645,0.5845729112625122,4.3127851486206055,0.9326571822166444,0.8919814825057983,12.144190788269045,5.856577396392822,1.4743804931640625,868.0985107421875,0.3361810445785522,1197.5255126953125,0.2680595815181732,-60.50913619995117,-1.3738200664520264,1861.6016845703125,0.1411130577325821,1061.07763671875,0.2691506147384643,-51.88270950317383,-1.4842418432235718,2754.863037109375,0.0831644684076309,1067.5911865234375,0.347635805606842,-51.82893371582031,-1.4848809242248535,-0.9397223591804504,-5.976302146911621,8.804354667663574,0.8238419890403748,0.0926221683621406,0.1856610476970672,0.0019702359568327,5.743491172790527,0.1184257939457893,0.7094882726669312,3.5915334224700928,1.7066675424575806,-11.04662799835205,-1.210372805595398,6.707864284515381,2.582588195800781,-24.34296226501465,-0.564426600933075,7.487249374389648,0.3911291360855102,0.0721465349197387,0.0187084171921014,0.0411693714559078,3.8076155185699454,2.2312374114990234,0.3363636434078216,0.3699206709861755,0.0918181762099266,0.0782557725906372,-33.97726058959961
37.141239166259766,0.0883713439106941,35.43251037597656,36.21321868896485,37.41493988037109,1.9824295043945312,73.76602172851562,112.32996368408205,106.05785369873048,126.79302978515624,0.4399619102478027,0.4197031259536743,0.2799930572509765,0.4275590181350708,0.5992392897605896,0.319246232509613,4.314233779907227,2.1917669773101807,3.3206825256347656,1.806342840194702,0.078010655939579,0.6108500957489014,-0.0903506726026535,-114.73346710205078,-6.784784317016602,-1.9298347234725952,9.839707374572754,1.504822850227356,-13.674878120422363,-0.9917001724243164,0.0320283062756061,2.604280710220337,1.192743182182312,0.5035082697868347,3.467165231704712,1.1153134107589722,4.013676166534424,2.5714054107666016,4.620400428771973,2.0408778190612797,974.5440063476562,0.3113620579242706,1116.9385986328125,0.3598077297210693,-74.24007415771484,-1.1533628702163696,1919.336181640625,0.1462266892194748,1152.5550537109375,0.2736348807811737,-64.54335021972656,-1.3156673908233645,2810.422607421875,0.0768861770629882,1045.1507568359375,0.2787772417068481,-64.73998260498047,-1.3075904846191406,0.3971646726131439,12.59259796142578,6.553338527679443,0.9751712083816528,0.097349002957344,0.1897490918636322,0.0043733469210565,2.002572774887085,0.091107040643692,0.5133653283119202,3.2752976417541504,2.2886383533477783,-10.728361129760742,-1.0599548816680908,11.190505027770996,1.4328712224960327,-18.539356231689453,-0.6498420238494873,4.2986321449279785,2.503378391265869,0.0838588625192642,0.0129295950755476,0.0511255376040935,4.208416938781738,3.0364372730255127,0.2193333208560943,0.1747938245534896,0.0957142785191536,0.0605586171150207,-36.74580001831055
36.93996810913086,0.0888026356697082,35.21889114379883,36.155853271484375,37.20244216918945,1.983551025390625,19.423885345458984,8.867376327514648,95.44660949707033,147.1054229736328,0.4306821525096893,0.4785948991775512,0.2159482836723327,0.446182519197464,0.6122987866401672,0.3963505029678345,4.554874897003174,3.09189772605896,2.849996566772461,1.1317847967147827,0.0710276663303375,0.6875431537628174,-0.6417693495750427,-15.820439338684082,-9.40109157562256,-1.0048673152923584,8.944246292114258,1.575943946838379,-16.40087890625,-0.8239144086837769,0.0196624565869569,2.425365447998047,1.0663734674453735,0.6148911118507385,4.618717193603516,0.8023092150688171,3.207099676132202,2.5535950660705566,3.0466153621673584,2.725167751312256,944.28173828125,0.2879544794559479,1125.2626953125,0.2856470346450805,-83.58782958984375,-1.0747750997543335,1884.955078125,0.1342457234859466,1101.672119140625,0.378261387348175,-76.15060424804688,-1.178433537483215,2799.225341796875,0.0767146646976471,978.900146484375,0.1796850264072418,-75.04756164550781,-1.2066936492919922,0.9732076525688172,4.632876873016357,5.057948112487793,1.2542568445205688,0.0998019352555275,0.1918977797031402,0.0037176304031163,2.4089369773864746,0.0890318229794502,0.5309674143791199,3.719026803970337,1.8218127489089968,-11.765891075134276,-0.6867928504943848,11.570526123046877,1.368408203125,-22.073488235473636,-0.5875627994537354,7.028079032897949,0.4218805432319641,0.079005591571331,0.017365513369441,0.0387353040277957,3.006012201309204,2.429149866104126,0.2533333301544189,0.1596523970365524,0.1499999910593032,0.2181742489337921,-36.95407104492188
35.32991409301758,0.0814111456274986,34.108062744140625,35.92668914794922,36.74415588378906,2.636093139648437,49.1425895690918,51.3347282409668,8.092217445373535,3.968843936920166,0.4056596755981445,0.4739875197410583,0.2200478613376617,0.3775558769702911,0.6027029752731323,0.3826551139354706,4.625011920928955,2.9374547004699707,2.6156277656555176,1.4912267923355105,0.0656530857086181,0.6969254612922668,-5.027329444885254,-2.325176477432251,-7.017804145812988,-1.4507626295089722,6.847590923309326,1.9363597631454468,-11.132671356201172,-1.3615117073059082,0.0091246021911501,1.4802364110946655,1.0668909549713137,0.6506677269935608,4.798067092895508,0.696054220199585,0.4396184980869293,20.89369010925293,2.613525390625,3.0716280937194824,866.34912109375,0.3194213807582855,1189.81884765625,0.2204783111810684,-105.50387573242188,-0.8946769833564758,1831.2177734375,0.1210964322090148,1043.5650634765625,0.3988376259803772,-99.6910400390625,-0.9424333572387696,2763.59912109375,0.0743357837200164,981.4473266601562,0.1971387714147567,-98.10652160644533,-0.972719669342041,1.0087575912475586,4.7976975440979,4.424552917480469,1.5028315782546997,0.0941720977425575,0.1978025287389755,-0.0011738367611542,-9.23215103149414,0.093684509396553,0.492857277393341,3.534950256347656,1.7583929300308228,-10.4185152053833,-0.8664979338645935,10.874810218811035,1.397484302520752,-20.83866310119629,-0.6678611636161804,9.854000091552734,-0.7789208292961121,0.0776512697339057,0.0183388609439134,0.0364220850169658,4.208416938781738,2.2267205715179443,0.2227272689342498,0.1801560372114181,0.1883333325386047,0.1735335290431976,-37.58430480957031
36.5165901184082,0.1220321506261825,34.440467834472656,35.77756881713867,38.67308044433594,4.232612609863281,60.99655151367188,43.0677604675293,-28.36986351013184,44.74212646484375,0.4159316420555115,0.6081643104553223,0.2130509614944458,0.3546338081359863,0.6200550198554993,0.4070040583610534,4.4971232414245605,2.469872236251831,2.074069738388061,1.2274768352508545,0.076925940811634,0.9514870047569276,-3.8431801795959473,-2.6117584705352783,-8.736405372619629,-1.2653186321258545,5.772521495819092,2.586362838745117,-13.705163955688477,-1.3501964807510376,0.0161137226969003,2.9378018379211426,1.220272660255432,0.5992450714111328,3.9310414791107178,0.7977128624916077,-0.5780338644981384,-17.18798828125,3.40519380569458,2.4327616691589355,856.336181640625,0.3617219626903534,1214.2943115234375,0.2224143743515014,-107.2132797241211,-0.886657178401947,1812.4378662109373,0.1301695555448532,1070.7789306640625,0.327894002199173,-96.7568817138672,-0.9830055832862854,2748.659423828125,0.0806754231452941,1025.7550048828125,0.2224516719579696,-96.20934295654295,-0.9933048486709596,1.90509045124054,2.238339900970459,4.9417500495910645,1.2420047521591189,0.0907108783721923,0.1601274758577346,-0.0026557727251201,-4.140493392944336,0.1169855743646621,0.6976822018623352,1.998867392539978,2.993988275527954,-12.206428527832031,-0.9322749972343444,8.378944396972656,2.0481739044189453,-25.630271911621094,-0.6458088159561157,7.895506381988525,1.3576080799102783,0.0757729783654213,0.0157712455838918,0.0341574512422084,2.4048097133636475,2.434077262878418,0.2049999982118606,0.1474505513906479,0.203636348247528,0.1574959009885788,-35.797454833984375
37.27705001831055,0.1163986846804618,34.99277114868164,36.04757308959961,38.550331115722656,3.557559967041016,186.3945159912109,167.3705596923828,56.98711013793945,73.22014617919922,0.3873893618583679,0.7146923542022705,0.1366970241069793,0.3142104148864746,0.6059246063232422,0.4692275822162628,5.571980953216553,3.5281529426574707,1.8504940271377563,0.8592262268066406,0.0707451105117797,1.077955722808838,-0.8812578916549683,-10.696337699890137,-10.55081844329834,-1.1091270446777344,11.370928764343262,1.510053038597107,-15.917974472045898,-1.123019099235535,0.0150185003876686,2.884598016738892,1.1564908027648926,0.6704060435295105,4.395130634307861,0.8388699889183044,-0.4005237817764282,-21.13766098022461,2.7105751037597656,3.426029920578003,853.4472045898438,0.3444721400737762,1225.2017822265625,0.2191890478134155,-95.26278686523438,-0.9995450377464294,1823.0333251953125,0.123526819050312,1050.66064453125,0.3728945851325989,-83.32171630859375,-1.112804293632507,2733.76904296875,0.0819152891635894,1093.391845703125,0.2690118551254272,-81.70845031738281,-1.1480669975280762,2.3283345699310303,2.2534444332122803,5.095138549804688,1.351043939590454,0.0914739817380905,0.1875533610582351,0.0028007428627461,4.280518531799316,0.0971357822418212,0.8414701223373413,3.511270761489868,2.0839169025421143,-12.568575859069824,-0.9307102560997008,13.59291648864746,1.5005155801773071,-24.327579498291016,-0.6982529759407043,7.248031139373779,0.9673084616661072,0.0706685334444046,0.0166849959641695,0.032741829752922,2.0040080547332764,1.8218623399734497,0.3188888728618622,0.164481982588768,0.1879999935626983,0.138260617852211,-35.49683380126953
36.25014877319336,0.0893224775791168,34.844482421875,36.012447357177734,36.8145751953125,1.9700927734375,216.3188323974609,200.0572967529297,13.526480674743652,8.221031188964844,0.3554045557975769,0.6471790075302124,0.1506881266832351,0.2903503179550171,0.548790454864502,0.398102343082428,6.160623073577881,3.5489821434021,2.435270309448242,1.719588041305542,0.0630846098065376,0.8845034241676331,0.8709539175033569,12.377179145812988,-8.073700904846191,-1.4668667316436768,12.01230239868164,1.2284338474273682,-14.84610080718994,-0.9755589365959167,0.0123864132910966,3.144556999206543,1.0694177150726318,0.5577393174171448,4.829616546630859,0.7346259355545044,0.7690234184265137,10.137510299682615,5.269291400909424,1.857223868370056,839.0708618164062,0.3364867269992828,1260.9810791015625,0.2359834462404251,-92.23300170898438,-1.0001195669174194,1843.0640869140625,0.1226095184683799,1039.2371826171875,0.3888988494873047,-83.23474884033203,-1.0620344877243042,2743.159912109375,0.0784040912985801,1090.9010009765625,0.2892787754535675,-81.3579330444336,-1.1016221046447754,-0.1479415446519851,-45.53354263305664,6.983001708984375,1.1194607019424438,0.0951888933777809,0.2093659490346908,0.0019012180855497,6.560421943664551,0.0787613093852996,0.6772452592849731,5.265086174011231,1.6009143590927124,-8.451933860778809,-1.3854639530181885,14.405670166015623,1.2114146947860718,-20.265674591064453,-0.7289202809333801,6.1287384033203125,1.4423145055770874,0.0791617631912231,0.0152903273701667,0.0387939438223838,3.6072146892547607,3.04878044128418,0.1906666755676269,0.1311216503381729,0.1264285743236541,0.1145554780960083,-36.67336654663086
36.52688217163086,0.1412420570850372,33.6552848815918,35.58274459838867,36.34220123291016,2.68691635131836,98.26288604736328,79.1273422241211,43.817832946777344,46.60142135620117,0.4050061702728271,0.532664954662323,0.2187857031822204,0.3473968505859375,0.5824747681617737,0.3636890649795532,5.033704280853272,2.768918514251709,2.9120311737060547,1.5415118932724,0.0758179500699043,0.7025186419487,3.435809373855591,2.5549352169036865,-7.62249755859375,-1.2860326766967771,13.436184883117676,1.1006438732147217,-17.33315658569336,-0.9550808072090148,0.024905102327466,2.274901866912842,1.535055160522461,0.7981519103050232,2.841303586959839,1.5652323961257937,0.9117080569267272,7.321455478668213,3.546452522277832,3.0353333950042725,858.5848388671875,0.3310936391353607,1281.6375732421875,0.2322772741317749,-70.4952392578125,-1.1916745901107788,1830.6668701171875,0.1324755549430847,1053.0604248046875,0.3411168456077575,-63.35658645629883,-1.2644822597503662,2747.302490234375,0.0769819468259811,1062.33447265625,0.2670448124408722,-60.831356048583984,-1.343342900276184,-0.0683043524622917,-87.43939208984375,6.183282852172852,1.221672534942627,0.0940978676080703,0.1995252817869186,-0.0011053718626499,-8.496400833129883,0.0876399651169776,0.6048778295516968,5.813553333282471,1.263303279876709,-8.264697074890137,-1.2269501686096191,15.322936058044434,0.9836632609367372,-20.52196502685547,-0.8566638827323914,3.7437281608581534,3.392575025558472,0.0885423123836517,0.0118173910304903,0.044792465865612,4.809619426727295,3.042596340179444,0.2259999960660934,0.1810635179281234,0.082666665315628,0.0515708774328231,-36.4419059753418
36.383975982666016,0.161581352353096,33.64663314819336,34.67393493652344,35.789554595947266,2.1429214477539062,104.61092376708984,97.87937927246094,557.7151489257812,832.332763671875,0.3657596111297607,0.5628777146339417,0.1761373579502105,0.3416207730770111,0.5408945679664612,0.3647572100162506,4.2060866355896,2.464218139648437,2.3809456825256348,1.2445496320724487,0.0660869404673576,0.7746456265449524,1.0381855964660645,10.79539966583252,-8.689852714538574,-1.218048334121704,13.148605346679688,1.1341862678527832,-11.3541898727417,-1.5239307880401611,0.0225766170769929,1.961069941520691,1.590104579925537,0.7850502133369446,1.870203256607056,2.191089391708374,-0.8839611411094666,-8.224967002868652,0.3375385701656341,31.47298240661621,841.5792846679688,0.3520807027816772,1237.0574951171875,0.2392504960298538,-80.4080810546875,-1.1042799949645996,1809.5560302734373,0.1399707347154617,1066.81298828125,0.3503481447696686,-71.36885833740234,-1.2072373628616333,2720.240966796875,0.0804070010781288,1083.65234375,0.2658385038375854,-68.80799102783203,-1.275224685668945,1.634023666381836,3.4746642112731934,4.6675333976745605,1.5439631938934326,0.0861640945076942,0.2611701488494873,0.0025675527285784,3.971062660217285,0.0796075463294982,0.6229031682014465,4.593943119049072,1.6972366571426392,-8.758882522583008,-1.1174968481063845,16.27853775024414,0.948808491230011,-17.131694793701172,-1.0176682472229004,7.05350399017334,3.1496124267578125,0.0668302476406097,0.0223424807190895,0.0400033630430698,3.8076155185699454,2.434077262878418,0.2666666507720947,0.25843545794487,0.1138461455702781,0.1106302514672279,-37.97799682617188
35.63481521606445,0.1175548583269119,34.14253234863281,34.98277282714844,35.68623733520508,1.5437049865722656,105.61734771728516,79.92403411865234,753.0281372070312,884.3904418945312,0.2695895433425903,0.6255993843078613,0.0941907986998558,0.260180115699768,0.402280181646347,0.3080893754959106,3.5619373321533203,2.8766186237335205,2.1937572956085205,1.175079107284546,0.0439666397869586,0.9989681839942932,-6.238928318023682,-2.089451551437378,-9.271995544433594,-1.259904384613037,7.539627075195312,1.548980951309204,-7.201728343963623,-1.7712076902389526,0.01180534157902,1.1819969415664673,1.1690199375152588,0.5104639530181885,3.51021671295166,0.998475968837738,-2.3808014392852783,-3.171921968460083,2.0698373317718506,4.244297504425049,800.9923095703125,0.3609560430049896,1195.2628173828125,0.2109545022249221,-137.73512268066406,-0.640980064868927,1817.2825927734373,0.1405210345983505,1065.893310546875,0.3749983310699463,-128.8673095703125,-0.7029420733451843,2705.679931640625,0.0838334038853645,1043.18798828125,0.2627745270729065,-127.7628402709961,-0.7173473238945007,1.2150131464004517,5.22789478302002,5.270757675170898,1.385401487350464,0.0854363143444061,0.2910341024398803,0.0052394103258848,2.144468307495117,0.0624811612069606,0.726749837398529,3.06355357170105,2.9099786281585693,-6.7462334632873535,-1.6041463613510132,12.161477088928224,1.1117953062057495,-16.531641006469727,-0.7825595736503601,11.11673355102539,-0.1734832972288131,0.0640425384044647,0.0272351279854774,0.0333646312355995,3.2064130306243896,2.024291515350342,0.1739999949932098,0.2282629907131195,0.2999999821186065,0.4617358148097992,-41.34534454345703
36.2591667175293,0.0750985667109489,34.88655090332031,35.83115768432617,36.986595153808594,2.100044250488281,268.35009765625,343.964111328125,18.55366325378418,15.111289978027344,0.303659975528717,0.8522918820381165,0.0896271914243698,0.2554279565811157,0.4196892082691192,0.3300620317459106,4.717813014984131,5.735734462738037,1.8499313592910769,1.257575511932373,0.0506131909787654,1.5180730819702148,-4.726212978363037,-2.777311086654663,-2.187996625900269,-7.247817516326904,9.269088745117188,1.0731178522109983,-13.99413013458252,-0.9951010942459106,0.0119265625253319,2.0796475410461426,0.9817463755607604,0.5487951040267944,5.865527153015137,0.5902973413467407,4.200603485107422,1.416560173034668,10.64250946044922,0.8879508972167969,805.0343627929688,0.3291472196578979,1293.7122802734375,0.2584819495677948,-125.98914337158205,-0.7295937538146973,1820.7510986328125,0.1405399739742279,1004.2120971679688,0.2924579083919525,-117.11420440673828,-0.7859618067741394,2750.85888671875,0.0879030153155326,960.5820922851562,0.2857182025909424,-117.03992462158205,-0.7879343628883362,-3.315459966659546,-2.172354221343994,10.104435920715332,0.7640305161476135,0.0956249237060546,0.1625304371118545,0.0032749085221439,3.1581528186798096,0.0816046744585037,1.2434210777282717,6.023972988128662,1.4041353464126587,0.2112003713846206,66.35124206542969,11.269526481628418,0.8351494073867798,-19.479957580566406,-0.721302330493927,11.285636901855469,-1.87065589427948,0.0694528222084045,0.021988146007061,0.0263242665678262,1.2024048566818235,1.0141987800598145,0.429999977350235,0.4959031939506531,0.5359999537467957,0.6233009099960327,-37.10591125488281
39.12140274047852,0.1593687236309051,35.456878662109375,36.9369010925293,38.36962127685547,2.9127426147460938,33.2490234375,7.993541717529297,96.029541015625,106.19283294677734,0.4862809181213379,0.8566429018974304,0.1873811930418014,0.3351276814937591,0.8347423076629639,0.6473610997200012,8.192375183105469,10.070284843444824,0.1960280686616897,4.603574752807617,0.1026369705796241,1.716835618019104,-5.058104515075684,-3.0574300289154053,-7.453017234802246,-2.641544342041016,13.09135913848877,0.918185830116272,-21.55041885375977,-0.5541743040084839,0.0343378521502018,3.5276479721069336,1.09629487991333,0.8103084564208984,4.270566463470459,1.2673009634017944,1.1708709001541138,8.63270378112793,4.0509352684021,3.6274824142456055,810.1076049804688,0.3530130684375763,1204.640380859375,0.3201129138469696,-91.14701080322266,-1.0185770988464355,1813.68798828125,0.1518418341875076,1017.86669921875,0.2944181859493255,-74.97625732421875,-1.2025489807128906,2746.414306640625,0.0928940251469612,984.7680053710938,0.2786016464233398,-75.22579956054688,-1.1981334686279297,0.9372721910476683,10.712186813354492,7.474600315093994,1.1711807250976562,0.097567543387413,0.1492713689804077,0.0041504153050482,2.9560792446136475,0.1164513155817985,1.1917508840560913,1.931363821029663,6.700880527496338,-7.120363235473633,-2.3293211460113525,12.46168041229248,1.0792241096496582,-22.04722213745117,-0.5818489193916321,13.398322105407717,-0.9806291460990906,0.0843856483697891,0.0121908746659755,0.0329615361988544,1.2024048566818235,1.4256619215011597,0.4471428692340851,0.4814179837703705,0.2750000059604645,0.2314267307519912,-30.98345947265625
38.696434020996094,0.1619410663843155,34.62118148803711,36.84975814819336,39.64394760131836,5.02276611328125,37.46812438964844,30.44815444946289,98.2072525024414,97.43775177001952,0.5057433843612671,0.731569230556488,0.2518648207187652,0.3819479048252105,0.7222684621810913,0.470403641462326,5.454651355743408,3.0225319862365723,4.646049976348877,2.6934378147125244,0.1078366115689277,1.542766571044922,-3.093447208404541,-4.916758060455322,-13.318849563598633,-1.0464493036270142,12.314512252807615,1.242282152175903,-19.23485565185547,-0.6158753633499146,0.0193519461899995,2.003823757171631,1.2512701749801636,0.8186506628990173,3.725726842880249,1.406322956085205,-1.43954336643219,-7.28973913192749,0.8761960864067078,14.659111976623535,781.3366088867188,0.4008764922618866,1171.600341796875,0.3013248443603515,-82.6077880859375,-1.1110652685165403,1775.758056640625,0.1568115353584289,1059.2874755859375,0.2914662957191467,-68.69780731201172,-1.2880198955535889,2691.445556640625,0.0928794592618942,1067.51806640625,0.2635165154933929,-68.08233642578125,-1.3063266277313232,2.59126615524292,3.390876293182373,5.381021976470947,1.544902205467224,0.0973767638206482,0.1476825326681137,0.0003344858414493,40.5728645324707,0.1377030164003372,1.4339241981506348,2.117119789123535,6.067846775054932,-12.523643493652344,-1.012952208518982,13.480313301086426,1.2869724035263062,-21.92074966430664,-0.5471094250679016,11.34298038482666,1.4030719995498655,0.0917671546339988,0.0108956154435873,0.0472839809954166,1.6032065153121948,2.2267205715179443,0.2927272617816925,0.2531650960445404,0.1509999930858612,0.1098589971661567,-31.3691520690918
36.876766204833984,0.093702919781208,34.37852478027344,35.48013687133789,39.13483810424805,4.756313323974609,10.5466947555542,3.794849634170532,59.51304626464844,47.11432647705078,0.3638645708560943,0.5214800834655762,0.2113570868968963,0.3034092485904693,0.5375754833221436,0.3262183964252472,3.8623006343841553,3.0438122749328613,2.66839599609375,1.9072595834732056,0.0641807839274406,0.821502685546875,-2.87241005897522,-4.990967750549316,-9.438436508178713,-1.1171555519104004,2.6785402297973637,5.644842624664307,-14.743829727172852,-0.9993781447410583,0.0113623263314366,1.0433452129364014,1.0071711540222168,0.4658387005329132,4.684048652648926,0.9501392841339112,0.7051030993461609,12.43320655822754,8.770654678344727,1.037317395210266,809.2249755859375,0.3591083586215973,1259.6177978515625,0.2362229526042938,-110.5671157836914,-0.8541149497032166,1782.279296875,0.1382219195365905,1144.092529296875,0.2820642590522766,-103.8476104736328,-0.8909974694252014,2691.1708984375,0.0825218185782432,1068.7091064453125,0.2853699028491974,-103.85761260986328,-0.8914692401885986,-1.2911516427993774,-4.63705587387085,8.977485656738281,0.856238842010498,0.0992915630340576,0.1564981341361999,-0.0023375574965029,-5.800168037414551,0.0869073197245597,0.6926712393760681,6.285427093505859,1.5161666870117188,-9.317949295043944,-1.1182552576065063,5.228572368621826,3.409085988998413,-21.501399993896484,-0.739594042301178,9.209724426269531,0.5685915350914001,0.0972421690821647,0.0155454464256763,0.0385478064417839,3.006012201309204,2.2267205715179443,0.2172727137804031,0.1712037771940231,0.2339999973773956,0.1629846543073654,-37.42523956298828
37.6541862487793,0.0877925679087638,35.48460388183594,36.74224472045898,38.172481536865234,2.687877655029297,61.10784530639648,15.376824378967283,15.286443710327148,0.0,0.3530921638011932,0.6312888860702515,0.1402945667505264,0.2939970195293426,0.5945447683334351,0.4542502164840698,2.704462766647339,1.9805936813354488,2.646328926086426,1.866282939910889,0.056365717202425,0.8476219177246094,-8.923272132873535,-1.436543345451355,-10.526202201843262,-0.9961348176002502,6.287667751312256,2.5820863246917725,-15.634923934936523,-1.093637466430664,0.0096727674826979,1.2447271347045898,1.0166910886764526,0.4762815237045288,4.444612979888916,1.0838990211486816,3.0905203819274902,2.172065734863281,4.833406448364258,2.159963369369507,899.2911376953125,0.2379323691129684,1296.5233154296875,0.2585784196853637,-134.2916717529297,-0.6683330535888672,1874.704345703125,0.0914748981595039,999.2169799804688,0.4093725085258484,-128.8638458251953,-0.6969200968742371,2793.056396484375,0.0633753165602684,1139.8370361328125,0.4313184022903442,-126.6978759765625,-0.7325628995895386,1.6669583320617676,3.2771151065826416,4.773333549499512,1.6540117263793943,0.1050883680582046,0.1437955200672149,0.0012404505396261,9.910984992980955,0.094652310013771,0.4735376834869385,3.130341053009033,2.802542209625244,-10.464341163635254,-0.7585060000419617,12.573845863342283,1.6190190315246582,-30.543968200683597,-0.5681602358818054,12.19032096862793,-1.5280293226242063,0.0863933339715004,0.02277104370296,0.0332830250263214,2.204408884048462,1.4170039892196655,0.2571428418159485,0.304476797580719,0.3737500011920929,0.3339138031005859,-37.096099853515625
36.81702423095703,0.0450370535254478,35.62456512451172,36.9029541015625,37.52276611328125,1.8982009887695312,62.24528884887695,39.11312484741211,52.60194778442383,79.40505981445312,0.3875761330127716,0.5273803472518921,0.167847454547882,0.3694925308227539,0.5841284394264221,0.41628098487854,4.06725549697876,2.873659133911133,1.96274733543396,1.202677607536316,0.0588039085268974,0.7355258464813232,-3.3040926456451416,-3.3442630767822266,-3.429518699645996,-3.509890556335449,14.684422492980955,1.1256062984466553,-17.722627639770508,-0.8352662920951843,0.0095767928287386,1.7190736532211304,0.9949525594711304,0.7581847906112671,5.766442775726318,0.711796224117279,4.6224684715271,1.9867188930511477,3.918757915496826,2.282732486724853,883.4826049804688,0.3278586268424988,1247.0706787109375,0.2506261467933655,-95.68096160888672,-0.9591385126113892,1848.3896484375,0.13016277551651,994.980224609375,0.4383462965488434,-86.98049926757812,-1.0259721279144287,2792.036865234375,0.0771343633532524,1083.875732421875,0.4004986882209778,-83.54979705810547,-1.1032345294952393,-0.3263885676860809,-18.611480712890625,6.9017534255981445,1.311445236206055,0.097531147301197,0.1642492860555648,0.0068313647061586,1.4319077730178833,0.0705187022686004,0.5447378158569336,3.071103572845459,2.2733466625213623,-2.487196683883667,-4.317169189453125,16.57954216003418,1.1333673000335691,-24.79972076416016,-0.5361162424087524,9.882550239562988,-1.1323224306106567,0.0765099674463272,0.021036023274064,0.0416347943246364,1.8036073446273804,1.4170039892196655,0.4199999868869781,0.3265840411186218,0.2657142877578735,0.3683886229991913,-37.01124572753906
36.081668853759766,0.0613842085003852,34.15024948120117,36.6676025390625,37.47802734375,3.327777862548828,22.47095489501953,16.374235153198242,68.79351043701172,90.99266815185548,0.3393448293209076,0.4580250382423401,0.174644649028778,0.3475953638553619,0.4607555866241455,0.2861109375953674,4.947273254394531,3.510293960571289,2.007790327072144,1.0713711977005005,0.0529255531728267,0.7568780183792114,-1.7100070714950562,-5.690126895904541,-0.2128759026527404,-42.82109451293945,17.00031280517578,1.062921166419983,-16.71675682067871,-1.0300339460372925,0.0108068231493234,1.6512539386749268,1.0479211807250977,0.7352265119552612,5.116931438446045,0.8565508127212524,3.121518611907959,3.2433862686157227,4.681508541107178,1.929681658744812,818.7062377929688,0.4141123294830322,1172.2152099609375,0.242062970995903,-98.11347198486328,-0.9372426867485046,1825.9261474609373,0.1404437124729156,981.4653930664062,0.5019127130508423,-90.0045394897461,-0.9884458184242249,2740.508544921875,0.0891316160559654,1028.579345703125,0.2759127914905548,-86.63723754882812,-1.059652328491211,-1.010070562362671,-6.063839912414551,7.945202350616455,1.096998929977417,0.0895902663469314,0.2061051428318023,0.0032639415003359,4.3554558753967285,0.0629643946886062,0.5646465420722961,3.1097524166107178,2.259661674499512,1.013845682144165,9.41891098022461,19.447418212890625,1.0802654027938845,-24.972415924072266,-0.6199342012405396,7.096475601196289,-0.6645899415016174,0.0726546347141265,0.018799141049385,0.0393681786954402,2.4048097133636475,1.4170039892196655,0.4114285707473755,0.2873240411281585,0.2714285552501678,0.2108098864555359,-39.131614685058594
34.75877380371094,0.0377317108213901,33.26456451416016,34.79036331176758,36.07426071166992,2.8096961975097656,125.06343841552734,178.38467407226562,6.918362617492676,5.265960216522217,0.2984820902347564,0.8665886521339417,0.0954669788479805,0.1812921017408371,0.4759874641895294,0.3805204927921295,4.423108577728272,3.058143377304077,3.51707124710083,3.083437204360962,0.0560320764780044,1.3033628463745115,-3.7688777446746826,-2.78737211227417,-7.298105239868164,-1.6039992570877075,16.20171356201172,0.916819989681244,-12.09291172027588,-1.5016809701919556,0.0101071838289499,1.196626901626587,1.0995427370071411,0.4199849367141723,3.528015613555908,1.00511634349823,-2.79471492767334,-2.3837995529174805,2.304984331130981,2.934356689453125,801.3897705078125,0.4320127665996551,1192.3857421875,0.2667699158191681,-128.07293701171875,-0.7262046337127686,1838.5625,0.1340841203927993,922.1511840820312,0.4648263454437256,-121.90509033203124,-0.7644681334495544,2725.02001953125,0.0903501585125923,1071.6837158203125,0.237710639834404,-119.59811401367188,-0.8013454079627991,1.0682755708694458,4.223981857299805,4.728799343109131,1.2878228425979614,0.0889859721064567,0.2302067130804062,-0.0061284382827579,-1.925315499305725,0.1082804799079895,0.7887342572212219,5.622043609619141,1.016610860824585,-10.062392234802246,-1.4824764728546145,23.167259216308597,0.7895991206169128,-27.12450218200684,-0.641040563583374,9.310277938842772,-1.2018388509750366,0.0586134530603885,0.0262492783367633,0.0203817803412675,1.6032065153121948,1.012145757675171,0.3959999680519104,0.2884163558483124,0.4749999940395355,0.4850687384605407,-36.84934997558594
35.3494987487793,0.0344196185469627,34.20629119873047,35.55910873413086,36.35917282104492,2.152881622314453,19.689401626586918,24.31882667541504,5.460486888885498,2.958403825759888,0.3444551825523376,0.9048609733581544,0.0942430347204208,0.2301274091005325,0.5023465156555176,0.4081034660339355,6.037848949432373,5.306235313415527,2.887518405914306,2.6445093154907227,0.0699320808053016,1.351530909538269,-1.695147156715393,-6.623104572296143,-12.125100135803224,-1.1062099933624268,8.925436973571777,1.251870036125183,-10.77176570892334,-1.1146793365478516,0.0099003724753856,1.282233953475952,1.128724217414856,0.4781004786491394,4.485505104064941,0.7857288122177124,-2.586244583129883,-2.826751708984375,3.072393655776977,2.1705751419067383,813.4674072265625,0.3953593969345093,1233.8612060546875,0.2647147476673126,-110.51712036132812,-0.8730947971343994,1783.203857421875,0.1694450378417968,1108.634521484375,0.2550764083862304,-99.3334503173828,-0.9784144163131714,2709.00830078125,0.0877708196640014,1007.2974243164062,0.2163407951593399,-100.1981430053711,-0.9609127640724182,0.101408913731575,47.89303207397461,7.613677024841309,0.6699317097663879,0.0915336608886718,0.1796843558549881,0.0029042984824627,3.766578435897827,0.1098726019263267,0.9702196717262268,6.719902515411377,0.9009885787963868,-15.529024124145508,-0.9722321033477784,6.713641166687012,1.816700100898743,-16.23067855834961,-0.6652849316596985,10.238231658935549,-1.5162421464920044,0.0635718181729316,0.0247742626816034,0.0244426820427179,2.605210542678833,1.012145757675171,0.4899999797344208,0.3109340667724609,0.3933333158493042,0.3317462503910064,-35.02197265625
35.462520599365234,0.0465979725122451,34.20641326904297,35.00836563110352,36.30734252929688,2.1009292602539062,28.49595642089844,26.088266372680664,5.894519805908203,1.3263996839523315,0.3085997998714447,0.8584740161895752,0.0740826427936554,0.2417629808187484,0.4673058092594147,0.3932231664657593,5.757922649383545,5.062633514404297,2.19105076789856,1.733130931854248,0.0584782883524894,1.3460428714752195,-1.0737093687057495,-11.554901123046877,-8.31723690032959,-1.3748818635940552,7.332648754119873,1.4547324180603027,-10.164056777954102,-1.1180859804153442,0.0139621663838624,1.698356866836548,1.2142329216003418,0.4737660884857178,4.335354328155518,0.7496054768562317,-2.8971099853515625,-2.4568450450897217,2.224423408508301,2.975052833557129,728.1656494140625,0.4049453735351562,1270.396728515625,0.2476445883512497,-122.6238021850586,-0.7644842267036438,1712.307861328125,0.1600542664527893,1100.193115234375,0.2772735059261322,-108.81402587890624,-0.881162166595459,2641.739013671875,0.0822115615010261,1037.9527587890625,0.209252655506134,-109.25777435302734,-0.8724749684333801,-0.4331001937389374,-11.688817977905272,7.884975433349609,0.6706030964851379,0.0879799723625183,0.1888058334589004,0.0026372286956757,4.347408294677734,0.0909111946821212,1.0194523334503174,5.449262619018555,1.075772762298584,-11.503512382507324,-1.1561747789382937,7.589848041534424,1.315341234207153,-15.82851219177246,-0.6976206302642822,6.819851398468018,0.6956186890602112,0.0688177198171615,0.0164357833564281,0.0289353057742118,3.006012201309204,1.0162601470947266,0.4459999799728393,0.302562415599823,0.4266666769981384,0.5664999485015869,-37.31117248535156
34.79410171508789,0.0588532835245132,33.475711822509766,33.880332946777344,35.26358795166016,1.7878761291503906,19.39165306091309,13.339266777038574,10.676898002624512,3.9075443744659424,0.2112036943435669,0.8772895932197571,0.0456942170858383,0.1568761616945266,0.3761299252510071,0.3304356932640075,3.65813946723938,1.8179845809936523,2.3830466270446777,1.7202948331832886,0.0359819307923316,1.2123864889144895,0.3515874445438385,34.07550430297852,-4.603440284729004,-1.6123796701431274,7.659628391265869,1.6680703163146973,-6.264790058135986,-1.677542805671692,0.0205752924084663,1.425805926322937,1.3305256366729736,0.4062684178352356,2.8169875144958496,1.0645350217819214,-2.490240812301636,-2.542741060256958,4.904348373413086,1.268978238105774,808.908203125,0.3795906603336334,1213.6922607421875,0.2597120404243469,-159.18736267089844,-0.4848473668098449,1807.4483642578125,0.1423443853855133,1145.7650146484375,0.2926678955554962,-148.4548797607422,-0.5634007453918457,2692.5419921875,0.0821643844246864,1182.0887451171875,0.4115311801433563,-148.22317504882812,-0.5656777620315552,-0.9014635682106018,-4.627918720245361,7.432579517364502,0.8315672278404236,0.0920516327023506,0.1666393131017685,-0.0013863167259842,-7.45631742477417,0.0714462175965309,0.7032090425491333,5.750430583953857,0.9645665287971495,-7.281249523162842,-1.044549584388733,14.249625205993652,0.7877250909805298,-15.270033836364746,-0.6099813580513,3.450005292892456,3.6173856258392334,0.0687811225652694,0.014532427303493,0.023526856675744,2.4048097133636475,1.4170039892196655,0.1814285665750503,0.1680500358343124,0.5042856931686401,0.6984238028526306,-42.55297088623047
33.48557662963867,0.0043713110499084,33.379188537597656,33.50215530395508,33.595916748046875,0.2167282104492187,5.656517028808594,1.7474215030670166,8.34835147857666,11.020121574401855,0.1166772246360778,1.0857194662094116,0.0272567179054021,0.0502115488052368,0.2233220636844635,0.1960653513669967,2.3742287158966064,1.9437706470489504,1.8722373247146609,1.4033949375152588,0.016577860340476,1.5539710521697998,4.5144362449646,2.037935733795166,-5.174908638000488,-1.5959264039993286,1.051809549331665,13.649664878845217,-4.800471782684326,-1.9433168172836304,0.0149498861283063,1.2499545812606812,1.2459142208099363,0.379136860370636,2.3973259925842285,1.4649995565414429,0.7789062261581421,7.3581862449646,9.225951194763184,0.598901093006134,910.5607299804688,0.3238306641578674,1080.9620361328125,0.2343563437461853,-180.7684783935547,-0.3179177641868591,1916.0645751953125,0.1281870156526565,1212.457763671875,0.237340435385704,-175.9676055908203,-0.3591561019420624,2761.486572265625,0.0775725692510604,1284.77197265625,0.5093441009521484,-175.86643981933594,-0.3599601984024048,-0.8623694777488708,-4.723450183868408,7.479320526123047,0.8624242544174194,0.0984053537249565,0.1031427904963493,0.001354228821583,6.873208045959473,0.0523865930736064,0.6142503619194031,5.860291004180908,1.0580761432647705,-4.204651355743408,-1.624216914176941,15.2485933303833,0.9066940546035768,-14.558553695678713,-0.6091328263282776,-0.3812081813812256,7.622931957244873,0.0786492452025413,0.0142031265422701,0.0116452844813466,2.204408884048462,0.8146640062332153,0.147499993443489,0.1149728149175643,0.8459999561309814,1.5822590589523315,-48.08728790283203
37.20397186279297,0.0164385586977005,36.60187530517578,37.24304962158203,37.84963607788086,1.247760772705078,0.0,0.0,-0.1035320088267326,0.0,0.08865537494421,0.9585320353507996,0.0223374143242836,0.0493229925632476,0.1545789539813995,0.1322415471076965,0.8877236247062683,0.9925307631492616,0.5450760722160339,0.4994791448116302,0.0090594245120882,1.2472234964370728,-3.579252004623413,-4.258393287658691,-8.557622909545898,-1.041782259941101,-3.4247467517852783,-2.844135999679565,-0.2592298984527588,-34.12446975708008,0.0204734280705451,0.3813844919204712,1.5297685861587524,0.609004020690918,2.7254269123077397,0.6591806411743164,10.773399353027344,0.2885866463184356,4.986972808837891,0.3837544620037079,978.8099975585938,0.2200737446546554,810.3460693359375,0.067607969045639,-195.15036010742188,-0.1612053215503692,1976.3455810546875,0.1157407686114311,1167.7833251953125,0.1418647766113281,-194.62294006347656,-0.1687566339969635,2827.798828125,0.0550086051225662,973.3253784179688,0.1834428608417511,-194.7955474853516,-0.1638517826795578,-0.3618268370628357,-20.50960350036621,13.598466873168944,0.2750206589698791,0.0681772604584693,0.165795236825943,0.0357782244682312,0.1417097151279449,0.0373976714909076,0.3098308145999908,-1.9108915328979488,-3.256674528121948,-5.773355007171631,-1.453943133354187,9.917370796203612,0.5548486709594727,5.824857234954834,0.7451629638671875,4.766284465789795,6.028262138366699,0.0870091617107391,0.0258356723934412,0.0080619398504495,1.2024048566818235,0.2024291455745697,0.1599999964237213,0.0,2.375,1.6549999713897705,-52.607154846191406
37.20397186279297,0.0164385586977005,36.60187530517578,37.24304962158203,37.84963607788086,1.247760772705078,0.0,0.0,-0.1035320088267326,0.0,0.1002789214253425,0.7965922951698303,0.0322544649243354,0.0851912498474121,0.1438554227352142,0.1116009578108787,0.8257576823234558,0.853725016117096,0.4618656933307647,0.2514035105705261,0.0097669782117009,1.1385544538497925,-12.082133293151855,-0.93508380651474,-9.502273559570312,-0.7202732563018799,-0.9008688926696776,-8.716249465942383,-0.2052428722381591,-37.61070251464844,0.0204734280705451,0.3813844919204712,1.5297685861587524,0.609004020690918,2.7254269123077397,0.6591806411743164,10.773399353027344,0.2885866463184356,4.986972808837891,0.3837544620037079,978.8099975585938,0.2200737446546554,810.3460693359375,0.067607969045639,-195.1384735107422,-0.1613732278347015,1976.3455810546875,0.1157407686114311,1167.7833251953125,0.1418647766113281,-194.61001586914065,-0.1689324676990509,2827.798828125,0.0550086051225662,973.3253784179688,0.1834428608417511,-194.782958984375,-0.1640221923589706,-0.3618268370628357,-20.50960350036621,13.598466873168944,0.2750206589698791,0.0681772604584693,0.165795236825943,0.0357782244682312,0.1417097151279449,0.0373976714909076,0.3098308145999908,-1.9108915328979488,-3.256674528121948,-5.773355007171631,-1.453943133354187,9.917370796203612,0.5548486709594727,5.824857234954834,0.7451629638671875,10.632098197937012,1.0151004791259766,0.0818721354007721,0.0338266752660274,0.008414588868618,1.2024048566818235,0.2028397619724273,0.1599999964237213,0.0,2.369999885559082,0.8399999737739563,-52.319580078125
37.2667350769043,0.1695847660303115,36.04770278930664,37.18910598754883,38.253231048583984,2.205528259277344,102.57044982910156,19.3357048034668,52.39830780029297,21.790645599365234,0.1973049938678741,0.8496600985527039,0.0578339546918869,0.1290118247270584,0.2931301891803741,0.2352962344884872,2.295335054397583,1.439023733139038,1.9034576416015625,1.6608539819717407,0.0286961831152439,1.3209284543991089,-9.451845169067385,-1.1815963983535769,-3.1817123889923096,-2.481830358505249,3.543426513671875,2.624114990234375,-9.424077987670898,-1.7240320444107056,0.0246793944388628,1.4102193117141724,1.1987736225128174,0.4369829893112182,2.2772209644317627,1.7574756145477295,4.314628601074219,1.5064969062805176,9.077475547790527,0.8058152198791504,822.6178588867188,0.3011009395122528,1253.3702392578125,0.2338197231292724,-153.4556121826172,-0.5285611748695374,1835.8182373046875,0.136781632900238,980.5852661132812,0.3903159201145172,-149.0730743408203,-0.5521411895751953,2761.195556640625,0.093088187277317,1015.8014526367188,0.3276874423027038,-147.901611328125,-0.5631061792373657,-0.9764984846115112,-6.969816207885742,7.672130107879639,1.0851490497589111,0.0954407602548599,0.1517324149608612,4.97873879794497e-05,249.96652221679688,0.0602377094328403,0.6100989580154419,0.9723244905471802,9.696779251098633,1.2177464962005615,5.6974616050720215,9.090791702270508,1.05484139919281,-24.524394989013672,-0.8891465067863464,10.18317413330078,-1.59545636177063,0.0735702961683273,0.027000043541193,0.0152008989825844,2.4048097133636475,1.217038631439209,0.2183333337306976,0.1767688393592834,0.6940000057220459,0.8877071738243103,-42.454620361328125
38.27865219116211,0.1243259161710739,36.45782852172852,37.19366836547852,39.54540252685547,3.087574005126953,71.67630767822266,44.84033966064453,92.6746597290039,68.14514923095703,0.4003953337669372,0.5989478826522827,0.2265697419643402,0.3197618424892425,0.5652392506599426,0.3386695086956024,4.329445838928223,3.155826568603516,3.637378454208374,2.0577197074890137,0.0805812776088714,1.2008098363876345,-3.996734142303467,-3.240738868713379,-3.349210023880005,-3.5435285568237305,2.141225099563598,5.550354957580566,-15.415444374084473,-1.0723252296447754,0.0204220879822969,1.36273992061615,1.182153582572937,0.5055828094482422,3.5415210723876958,1.3327370882034302,3.5991268157958984,2.082789897918701,10.083074569702148,0.6609060764312744,878.62158203125,0.3092735707759857,1215.47705078125,0.2238264381885528,-73.08761596679688,-1.2147761583328247,1849.1126708984373,0.1493686437606811,1100.591796875,0.2931978702545166,-67.80040740966797,-1.2542200088500977,2767.401123046875,0.0842737406492233,1008.42822265625,0.3128026723861694,-68.5335693359375,-1.2229431867599487,-0.9432597160339355,-7.5512003898620605,9.334497451782228,0.8525620698928833,0.0953968241810798,0.1544678658246994,0.0035026913974434,3.847630500793457,0.0979802906513214,1.1211074590682983,1.626811385154724,5.999671936035156,-4.789825916290283,-2.6201229095458984,0.825767993927002,15.55121898651123,-19.95625305175781,-0.8517839908599854,11.32932949066162,-3.832026481628418,0.0745754837989807,0.0196989588439464,0.0433349050581455,3.006012201309204,2.6422762870788574,0.2523076832294464,0.1778570711612701,0.1511110961437225,0.185319185256958,-35.25933074951172
38.24556350708008,0.082171507179737,36.52833557128906,37.00270462036133,40.82515335083008,4.296817779541016,125.77690887451172,145.04786682128906,66.91260528564453,72.47457122802734,0.4122202694416046,0.5599575638771057,0.2530166506767273,0.3602104187011719,0.5188102126121521,0.2657935619354248,5.568362236022949,3.3378963470458984,2.623558282852173,1.6260226964950562,0.0849966704845428,1.197437763214111,-0.0513608381152153,-263.0665588378906,-3.3249292373657227,-4.09358549118042,2.2484383583068848,5.805157661437988,-11.140324592590332,-1.0680084228515625,0.0224671680480241,1.6127036809921265,1.1631412506103516,0.7405819296836853,4.927882671356201,1.1069878339767456,5.639863014221191,1.5713305473327637,9.990447998046877,0.6036654710769653,900.5895385742188,0.2978462278842926,1219.305419921875,0.2537332773208618,-68.41582489013672,-1.2457709312438965,1881.7366943359373,0.153155505657196,1150.017578125,0.2713935673236847,-61.15714645385742,-1.3200819492340088,2780.125,0.0783368200063705,1041.3572998046875,0.3007099032402038,-62.437644958496094,-1.2773010730743408,-2.8923230171203613,-2.8910748958587646,11.529522895812988,0.7756951451301575,0.0916783288121223,0.1677455306053161,0.0065195406787097,1.789011001586914,0.0996667742729187,1.1589279174804688,4.735070705413818,2.1568832397460938,-5.795870780944824,-2.4046554565429688,1.7180119752883911,8.297686576843262,-13.889248847961426,-0.8552510738372803,7.043090343475342,0.5392314791679382,0.0870999097824096,0.0122513165697455,0.0475002713501453,3.406813859939575,2.429149866104126,0.2916666567325592,0.2146249860525131,0.1199999973177909,0.1978383213281631,-34.86133575439453
36.57722473144531,0.0702484920620918,34.386573791503906,36.73556900024414,37.0960807800293,2.70950698852539,118.05007934570312,139.32749938964844,36.834285736083984,43.3265495300293,0.3170593976974487,0.4406635463237762,0.1951373666524887,0.3087603151798248,0.4164920449256897,0.221354678273201,4.752734184265137,2.9699976444244385,2.516791582107544,1.2468206882476809,0.0540037862956523,0.9462857842445374,0.0248670037835836,574.640869140625,-0.8553211688995361,-12.534876823425291,12.690409660339355,1.012250304222107,-9.383671760559082,-1.235679268836975,0.0198401063680648,1.91704535484314,1.077719807624817,0.7909027338027954,5.635782241821289,0.902122974395752,6.751501083374023,1.3523571491241455,7.565124988555908,0.8964306712150574,789.8311157226562,0.376996636390686,1283.54345703125,0.2859121263027191,-107.52134704589844,-0.8444523215293884,1828.8404541015625,0.153161346912384,1022.1630859375,0.4124712944030761,-94.20085906982422,-0.9371453523635864,2733.62060546875,0.0861883834004402,1096.2061767578125,0.2665477097034454,-92.4282684326172,-0.9715070128440856,-4.45744514465332,-1.682778239250183,11.33413314819336,0.786953330039978,0.090162418782711,0.181953564286232,0.0020311032421886,6.098001480102539,0.065701812505722,0.9493614435195924,7.89937162399292,1.0372544527053833,-2.1466825008392334,-5.160523414611816,15.130709648132324,0.94096577167511,-12.791820526123049,-0.9380637407302856,7.261529922485352,0.6342023611068726,0.0812892988324165,0.0142352003604173,0.038058016449213,3.8076155185699454,2.2267205715179443,0.2481818199157714,0.2185829430818557,0.1809090971946716,0.2410376816987991,-38.84473419189453
35.1669921875,0.0488068349659442,33.621856689453125,35.361541748046875,36.69793701171875,3.076080322265625,49.23014831542969,28.25387191772461,37.71745681762695,63.79923629760742,0.2791707515716553,0.5144560933113098,0.162873774766922,0.2546855509281158,0.3891236782073974,0.2262499034404754,4.137911796569824,2.955150842666626,2.21159029006958,1.494513750076294,0.0434317104518413,0.6859678626060486,-2.4201500415802,-5.112089157104492,-2.9231719970703125,-3.122237205505371,16.325117111206055,0.6834865808486938,-6.742066383361816,-1.950372695922852,0.0106728663668036,1.148540496826172,1.0601093769073486,0.5300915241241455,4.580277919769287,0.7689173817634583,3.7542762756347656,2.1653201580047607,5.330285549163818,1.0915968418121338,765.3515625,0.4159533977508545,1289.0076904296875,0.3241657316684723,-122.9679718017578,-0.7081500291824341,1795.7313232421875,0.1475861221551895,1015.07958984375,0.4691932499408722,-111.5796890258789,-0.7856226563453674,2694.65185546875,0.0848360955715179,1136.895263671875,0.2505992650985718,-109.23918151855467,-0.8240182995796204,-1.821221709251404,-2.9098381996154785,7.351169109344482,0.8096766471862793,0.0900503545999527,0.1891936212778091,-0.0003318107919767,-39.784969329833984,0.053994420915842,0.5194907784461975,5.193385601043701,1.4510191679000854,-1.710801124572754,-5.020174026489258,18.804555892944336,0.6859852075576782,-11.88037109375,-1.038172960281372,8.159582138061523,1.5992177724838257,0.0670131072402,0.0186053309589624,0.0325966291129589,4.008016109466553,3.8539555072784415,0.1131578907370567,0.1018798351287841,0.1338888853788375,0.2268170863389969,-41.08056640625
36.32814025878906,0.0729605704545974,34.191261291503906,35.658721923828125,38.95135498046875,4.760093688964844,121.38127136230467,121.64513397216795,7.915152549743652,3.07529878616333,0.375808447599411,0.7034600973129272,0.1823854148387909,0.324668288230896,0.5292071104049683,0.3468216955661773,3.623279571533203,3.063828229904175,2.1687374114990234,1.203879475593567,0.0680144131183624,1.0817948579788208,-2.33988356590271,-4.907200336456299,-5.336156845092773,-2.378626585006714,7.1537184715271,2.025385618209839,-6.629164218902588,-2.0661749839782715,0.0086483312770724,1.0151759386062622,0.9593712687492372,0.5437819361686707,5.220140933990479,0.7390382289886475,0.1258096098899841,67.53535461425781,5.302828788757324,1.3893762826919556,802.6890869140625,0.3430835306644439,1282.740966796875,0.2961146235466003,-112.98291015625,-0.7964827418327332,1805.68701171875,0.1605016440153122,1118.9588623046875,0.3395395576953888,-103.06370544433594,-0.8743155002593994,2691.60791015625,0.0826166123151779,1158.3502197265625,0.3949703276157379,-102.92625427246094,-0.8750083446502686,-0.5166129469871521,-11.184392929077148,8.083827018737793,0.8182988166809082,0.0849675759673118,0.2029729336500167,0.0064353086054325,2.285064220428467,0.0899780914187431,1.0018949508666992,3.9190359115600586,2.062420129776001,-7.284543037414551,-1.8543275594711304,5.384584903717041,3.10725212097168,-13.358014106750488,-1.013539433479309,6.970557689666748,2.726043939590454,0.0662541836500167,0.0171085689216852,0.0469762533903121,2.204408884048462,3.441295623779297,0.1382352858781814,0.1274747997522354,0.1244444474577903,0.1968423575162887,-35.26822280883789
36.16904830932617,0.0665267035365104,34.23435974121094,35.156856536865234,38.919898986816406,4.685539245605469,102.52584838867188,133.9768524169922,13.460796356201172,9.573750495910645,0.3485081195831299,0.7988258004188538,0.1157004535198211,0.2683166563510895,0.5435896515846252,0.4278891980648041,2.7548182010650635,1.1889863014221191,2.380556583404541,1.22744882106781,0.0599497556686401,1.285301685333252,-2.3478636741638184,-6.000939846038818,-4.241114616394043,-3.1979422569274902,5.506817817687988,2.3889877796173096,-6.994908809661865,-2.4406633377075195,0.0059440988115966,1.3503828048706057,0.8010690212249756,0.5429408550262451,7.278087139129639,0.4766652584075928,-1.1384214162826538,-6.31554651260376,4.395656108856201,1.742059588432312,820.2741088867188,0.331439346075058,1222.6707763671875,0.2352947145700454,-106.004150390625,-0.8827055096626282,1846.6531982421875,0.1563535928726196,1029.0208740234375,0.3234858214855194,-96.4586944580078,-0.9578595757484436,2743.177734375,0.0937731638550758,1065.92138671875,0.3704062104225158,-96.10669708251952,-0.9652314186096193,-1.9028822183609009,-3.398306131362915,9.642915725708008,0.8622596859931946,0.0821254849433898,0.2838371694087982,0.0095903547480702,1.733559489250183,0.0797640830278396,1.1679236888885498,6.753342628479004,1.124580979347229,-7.392841339111328,-1.862005829811096,5.906997680664063,2.5889289379119877,-14.508392333984377,-1.2735449075698853,8.141942977905273,0.4957770705223083,0.058059211820364,0.0233294237405061,0.0380257666110992,1.4028056859970093,1.6260162591934204,0.3274999856948852,0.3815347254276275,0.2674999833106994,0.2579607665538788,-35.383575439453125
35.64656066894531,0.1008730605244636,34.209754943847656,34.783721923828125,35.91228485107422,1.7025299072265625,1.1355146169662476,0.0,-2.8472900390625,0.0,0.1901051849126815,0.91571307182312,0.0369367711246013,0.1365558356046676,0.3058055639266968,0.2688688039779663,2.4826385974884038,2.1209423542022705,1.8400627374649048,1.7051210403442385,0.0251430291682481,1.399914026260376,-6.706832408905029,-2.1990787982940674,3.011021852493286,4.743908882141113,11.043718338012695,0.9192103743553162,-0.9676870107650756,-16.81475067138672,0.0067213247530162,1.441475749015808,0.891991913318634,0.6106410622596741,6.404331684112549,0.5918917059898376,0.0216183830052614,345.26177978515625,4.571401119232178,1.4434258937835691,826.0690307617188,0.3301365673542022,1181.0185546875,0.2362328469753265,-129.2626495361328,-0.705928385257721,1873.56787109375,0.1421175599098205,979.6465454101562,0.324959397315979,-121.50536346435548,-0.752389669418335,2768.712158203125,0.098642997443676,1020.3377075195312,0.250677227973938,-120.42908477783205,-0.7706966400146484,-2.163984537124634,-3.405588865280152,8.636232376098633,1.0841662883758545,0.083985611796379,0.2975566685199737,0.0058180536143481,2.9088680744171143,0.0482999943196773,0.8848257660865784,6.308339595794678,1.496042013168335,-2.206127882003784,-4.57641077041626,11.769326210021973,0.9533841609954834,-11.904711723327637,-1.5184510946273804,9.50356674194336,-1.7460362911224363,0.0288939233869314,0.0356815308332443,0.0087268529459834,2.0040080547332764,0.8097165822982788,0.5049999952316284,0.4873653650283813,0.4666666686534881,0.2483053505420684,-43.016788482666016
37.23189163208008,0.0897053256630897,34.729583740234375,36.89305114746094,38.00376510620117,3.274181365966797,9.263418197631836,0.0,6.800046920776367,33.400577545166016,0.1433852612972259,1.198811411857605,0.0154325310140848,0.0422704108059406,0.3297399580478668,0.3143074214458465,2.0604019165039062,1.3774826526641846,2.026131629943848,1.6043059825897217,0.0214019883424043,1.5207722187042236,-7.449705123901367,-1.5105372667312622,11.060181617736816,1.2329645156860352,14.978426933288574,0.8790150284767151,-2.1550464630126958,-7.268850326538086,0.0087107038125395,0.9400984048843384,1.0233439207077026,0.5336843132972717,5.696080684661865,0.6776303648948669,6.1466827392578125,1.9365109205245967,6.877293109893799,0.8622970581054688,709.1561279296875,0.3297221660614013,1389.9925537109375,0.1999981999397277,-160.71466064453125,-0.4673620164394378,1776.5992431640625,0.1217795312404632,986.3221435546876,0.3578190803527832,-150.7014617919922,-0.5295423269271851,2641.0927734375,0.0863416790962219,1100.12060546875,0.2277340292930603,-149.48033142089844,-0.5462908148765564,-3.049443483352661,-2.32387638092041,9.655482292175291,0.7669659852981567,0.0903084129095077,0.1956310719251632,-0.0042186276987195,-2.1766815185546875,0.0622462332248687,0.5165904760360718,3.2581589221954346,2.4762258529663086,3.3513083457946777,3.2525343894958496,18.59148406982422,1.0590388774871826,-20.980470657348636,-0.6316861510276794,3.6814990043640137,2.275033950805664,0.0207951478660106,0.0333969481289386,0.0061667179688811,2.204408884048462,1.012145757675171,0.2619999945163727,0.2095137238502502,0.5866666436195374,0.6099908947944641,-42.78579330444336
36.78864288330078,0.0581319816410541,34.446537017822266,36.75929260253906,37.97563934326172,3.529102325439453,25.096023559570312,17.43008041381836,14.01926040649414,10.591854095458984,0.0800579860806465,1.5286535024642944,0.0112042436376214,0.0199515912681818,0.1208422780036926,0.1096380352973938,0.9508649706840516,0.5644857883453369,0.8384619355201721,0.7273719310760498,0.0102295204997062,1.9221161603927608,-2.664992332458496,-4.258353233337402,18.295900344848636,0.5777573585510254,5.676104068756104,3.4053335189819336,0.1720916181802749,87.5682373046875,0.0084517011418938,0.8797797560691833,0.956312358379364,0.5339462757110596,8.222611427307129,0.3275864124298095,9.67530345916748,1.0935325622558594,13.44259548187256,0.6350509524345398,702.0635375976562,0.3462379872798919,1413.624267578125,0.1644037067890167,-173.66128540039062,-0.3650447726249695,1745.3074951171875,0.1589906066656112,932.9195556640624,0.4403111934661865,-166.8730926513672,-0.4071217477321625,2675.2294921875,0.0738831311464309,1027.43115234375,0.3611286580562591,-166.52926635742188,-0.4122658669948578,-7.994940757751465,-0.711331844329834,16.30695152282715,0.5419144630432129,0.0821343138813972,0.2516585290431976,8.623993926448748e-05,145.3150177001953,0.0380728617310524,0.7015994787216187,7.893744945526123,0.9519504308700562,14.902576446533203,0.4634841084480285,17.64244842529297,1.557413935661316,-21.62086677551269,-0.809352695941925,-0.1139484345912933,7.713139057159424,0.0347601883113384,0.0359728336334228,0.0036978526040911,1.4028056859970093,0.8097165822982788,0.2299999892711639,0.1471393853425979,0.7859999537467957,0.6786928176879883,-45.11201858520508
35.28273391723633,0.0409820117056369,33.80417251586914,34.75074768066406,36.83082580566406,3.026653289794922,75.8400650024414,0.0,-4.982196807861328,11.310812950134276,0.0438215136528015,1.6443092823028564,0.007920297794044,0.0129342265427112,0.0485608503222465,0.0406405515968799,1.0255489349365234,0.922909677028656,0.3970572650432586,1.399610996246338,0.0054841600358486,2.571584701538086,-4.074076652526856,-3.2424654960632324,18.580772399902344,0.6699961423873901,-3.964920520782471,-2.8898441791534424,2.9402217864990234,2.8936588764190674,0.0112571446225047,0.9268696904182434,1.1051173210144043,0.5652929544448853,6.991800785064697,0.4781453907489776,1.0656911134719849,8.529375076293945,19.69034576416016,0.3863891959190368,693.8110961914062,0.4235023260116577,1217.1878662109375,0.1947093307971954,-186.8013458251953,-0.2600225806236267,1618.8184814453125,0.230527326464653,1138.132568359375,0.3221951425075531,-184.6977996826172,-0.2728455066680908,2683.290771484375,0.0789248272776603,878.9697265625,0.4362886250019073,-185.59689331054688,-0.2561348974704742,-8.807945251464844,-0.8583602905273438,20.57699012756348,0.5020837783813477,0.075978934764862,0.2620994746685028,0.0054419436492025,2.985503911972046,0.0176162403076887,0.7838528156280518,11.432034492492676,0.8504719734191895,15.886725425720217,0.6193798780441284,-7.397273063659668,-2.600088357925415,-8.246085166931152,-1.6112923622131348,-0.2183636426925659,8.539631843566895,0.0567991510033607,0.0362518690526485,0.0040441006422042,1.2024048566818235,0.6085193157196045,0.1366666704416275,0.0703957080841064,1.1124999523162842,1.7487047910690308,-52.7216911315918
37.322845458984375,0.0100832069292664,36.99198913574219,37.297462463378906,37.6499137878418,0.6579246520996094,47.50271987915039,44.3869514465332,8.597756385803223,5.3858489990234375,0.0692273154854774,1.0565991401672363,0.0088500222191214,0.0481286160647869,0.1126943528652191,0.103844329714775,1.3626110553741455,1.0436936616897583,0.9795683026313782,1.1163424253463743,0.0088586574420332,1.6458191871643066,-8.240777969360352,-1.668249249458313,20.795150756835938,0.6948355436325073,6.488117218017578,1.5905053615570068,-3.5093178749084477,-2.847074270248413,0.0238310154527425,0.8466835021972656,1.0737709999084473,0.5912942886352539,7.364773750305176,0.6309877634048462,8.379496574401855,0.4866482615470886,15.005152702331545,0.600233793258667,787.8143310546875,0.3927075564861297,1476.226318359375,0.2631933093070984,-178.1504364013672,-0.3081451058387756,1781.6778564453125,0.1429353058338165,1066.768798828125,0.2996181845664978,-167.73739624023438,-0.3855092823505401,2805.570068359375,0.0816757529973983,951.0022583007812,0.3270695805549621,-168.13096618652344,-0.3788215816020965,-11.680468559265137,-0.6746314764022827,19.461462020874023,0.5068621635437012,0.076453797519207,0.2726008594036102,0.0037282875273376,2.5963895320892334,0.0146511690691113,0.7766018509864807,4.4801130294799805,2.037963390350342,23.74511337280273,0.4301794171333313,11.10108470916748,0.9550506472587584,-3.487966299057007,-2.6526894569396973,2.809563398361206,3.523622989654541,0.0597507879137992,0.0271868519484996,0.0076220226474106,2.0040080547332764,1.6194331645965576,0.1099999994039535,0.0839642807841301,0.4322222173213959,0.6663628220558167,-51.308326721191406
39.64126586914063,0.1711579710245132,36.99280548095703,37.32184600830078,37.76368713378906,0.7708816528320312,28.166013717651367,0.0,-45.24361801147461,0.0,0.067368172109127,0.6540545225143433,0.0259474702179431,0.0573899745941162,0.1052370965480804,0.0792896300554275,1.0144789218902588,0.8291604518890381,0.5476289391517639,0.5327861905097961,0.0072194002568721,1.005414605140686,-17.75762367248535,-0.9030110239982604,23.02379035949707,0.5109039545059204,10.91620635986328,0.8482762575149536,-12.718220710754396,-0.8341479301452637,0.0245359688997268,0.8374830484390259,1.165453553199768,0.6146684885025024,6.24998950958252,1.074884057044983,6.092252731323242,1.2181402444839478,11.121984481811523,1.3591413497924805,797.0292358398438,0.3733016550540924,1454.5218505859375,0.297015368938446,-181.32351684570312,-0.2836292386054992,1781.5467529296875,0.1387308537960052,1055.8009033203125,0.317398726940155,-168.58006286621094,-0.3778901100158691,2824.10498046875,0.0798395648598671,963.6546630859376,0.3347806334495544,-168.52903747558594,-0.3771805465221405,-9.19370174407959,-1.5236369371414185,16.829256057739258,0.9660961627960204,0.0700897648930549,0.2969134449958801,0.0084202671423554,1.6430447101593018,0.0110991420224308,0.5130367875099182,1.1788687705993652,13.752144813537598,25.37199211120605,0.2976090610027313,10.657129287719728,0.9235641360282898,-3.111039161682129,-2.9527645111083984,14.397835731506348,-10.11750316619873,0.0458712242543697,0.0294967293739318,0.0061271754093468,2.605210542678833,1.825557827949524,0.089999996125698,0.0870504230260849,0.390999972820282,0.7315113544464111,-54.09657287597656
40.4790267944336,0.1723399758338928,37.26089096069336,37.650272369384766,39.60782623291016,2.346935272216797,5.865669250488281,0.0,15.126550674438477,0.0,0.1532765924930572,1.1062411069869995,0.0250191166996955,0.062512069940567,0.2941755652427673,0.2691564559936523,1.1820824146270752,1.3642123937606812,0.7783981561660767,0.717093825340271,0.0163863282650709,1.7702091932296753,-16.728912353515625,-1.1461730003356934,11.04286289215088,1.2218412160873413,8.51216983795166,0.957273542881012,-14.906126022338867,-1.0173921585083008,0.0077985795214772,1.8974155187606807,0.740007221698761,0.9943066835403442,8.599922180175781,0.8091879487037659,9.362434387207031,0.7478399872779846,10.054027557373049,1.130308747291565,914.288818359375,0.2219285666942596,1134.9183349609375,0.2839391827583313,-154.0697021484375,-0.5210637450218201,1990.8123779296875,0.1264598965644836,905.339599609375,0.2684065997600555,-141.98155212402344,-0.5930936336517334,2935.877197265625,0.0754278376698494,1147.21142578125,0.4158707857131958,-141.5673370361328,-0.596287190914154,-3.813173770904541,-3.347298622131348,10.08404541015625,1.3097115755081177,0.0844777971506118,0.1898627579212188,0.0154648069292306,0.9290887117385864,0.0372617654502391,1.1172335147857666,4.735265731811523,3.404879331588745,3.2188045978546143,3.281248092651367,5.793552398681641,1.159441351890564,-16.260818481445312,-1.3498584032058716,20.324630737304688,-15.29727268218994,0.0444056615233421,0.0386690497398376,0.0066717895679175,1.0020040273666382,1.0162601470947266,0.2999999821186065,0.5156354904174805,0.4685714244842529,0.5738697648048401,-42.02735137939453
38.29801177978516,0.0848103165626525,37.21816635131836,37.62501525878906,38.46168518066406,1.2435188293457031,5.865669250488281,0.0,18.11911964416504,0.0,0.1959519237279892,0.7939272522926331,0.0675599724054336,0.1451567560434341,0.3017235100269317,0.2341635376214981,1.7400282621383667,1.251451015472412,0.7693939208984375,0.6359843015670776,0.0225704610347747,1.2759332656860352,0.2908791899681091,58.27163314819336,-5.332542896270752,-2.399949550628662,8.93433952331543,1.1045033931732178,-14.63015365600586,-1.2084447145462036,0.0041463118977844,2.0074028968811035,0.5849587321281433,1.054665207862854,10.45026969909668,0.4456565678119659,10.538778305053713,0.4452625513076782,12.13553237915039,0.6263613104820251,910.3091430664062,0.2294268757104873,1176.347412109375,0.2644398212432861,-156.34619140625,-0.5044041275978088,1993.3714599609373,0.1294309198856353,911.0750732421876,0.265791654586792,-149.03590393066406,-0.548631489276886,2934.1845703125,0.0787657797336578,1156.615234375,0.4392736256122589,-149.3789520263672,-0.5439304709434509,-7.317666530609131,-1.1212774515151978,13.613801956176758,0.6291176676750183,0.0874719247221946,0.1452237665653228,0.0129643576219677,1.0088603496551514,0.0399159118533134,1.0874693393707275,9.533927917480469,0.9003342986106873,2.1776726245880127,4.4857940673828125,5.760675430297852,1.1059647798538208,-16.71611976623535,-1.381547451019287,9.453755378723145,-2.169729471206665,0.0763450339436531,0.032440323382616,0.0160289704799652,1.0020040273666382,0.6072874665260315,0.4566666781902313,0.6175398826599121,1.1699999570846558,1.0423370599746704,-41.84819412231445
41.601444244384766,0.0511387772858142,39.925662994384766,42.23189926147461,43.237937927246094,3.312274932861328,85.08751678466797,64.19074249267578,11.71517562866211,15.491262435913086,0.3512806892395019,0.970680296421051,0.0877296775579452,0.2266065627336502,0.6818743944168091,0.5941447019577026,4.564003944396973,4.120303153991699,3.199043273925781,3.5362069606781006,0.0842917263507843,1.3560130596160889,5.2938313484191895,2.064693689346313,-18.821044921875,-0.6303290724754333,11.37021541595459,1.0433093309402466,-18.04379272460937,-0.7369220852851868,0.0222751516848802,0.9549630880355836,1.3666750192642212,0.435114711523056,2.2025928497314453,1.29052996635437,10.182490348815918,0.6066858172416687,5.611775875091553,1.6384172439575195,1067.594482421875,0.1615305244922638,986.4442749023438,0.2311464101076126,-165.73086547851562,-0.4459213316440582,1998.1656494140625,0.0783664733171463,1315.7086181640625,0.339996188879013,-162.5120391845703,-0.4751112163066864,2840.90283203125,0.0525708235800266,1096.2021484375,0.2099965363740921,-163.1452178955078,-0.4652333557605743,4.089213371276856,1.0518996715545654,3.6229727268218994,1.5841723680496216,0.0966741293668747,0.1485406160354614,0.0027372979093343,3.1077921390533447,0.2501588761806488,0.443769633769989,2.425375938415528,3.745846509933472,-27.45978164672852,-0.2826701998710632,10.17996311187744,1.4082775115966797,-21.77217483520508,-0.4856080412864685,5.697134971618652,1.486937165260315,0.091877169907093,0.0233567468822002,0.0398804582655429,1.6032065153121948,1.0162601470947266,0.1779999881982803,0.1451068520545959,0.7859999537467957,1.2821325063705444,-34.83461380004883
39.82316589355469,0.0729449614882469,36.65510559082031,39.99015426635742,42.2723388671875,5.617233276367188,96.90885162353516,90.5207748413086,24.991640090942383,13.734042167663574,0.5635507106781006,0.5193333029747009,0.286033034324646,0.5403979420661926,0.7838888168334961,0.4978557825088501,5.691627025604248,4.02027702331543,4.618582248687744,3.447116613388061,0.1374027878046035,0.779349684715271,3.2365517616271973,2.826861619949341,-22.200658798217773,-0.4432160258293152,14.575817108154297,0.839828610420227,-22.77840614318848,-0.4949088990688324,0.0173947308212518,1.0240544080734253,1.24664044380188,0.4714423716068268,2.9135384559631348,1.0924266576766968,6.104394435882568,1.4012683629989624,2.297283887863159,3.6473309993743896,1046.385009765625,0.1960362493991851,1063.786376953125,0.2576889395713806,-107.61199951171876,-0.8690180778503418,1978.9974365234373,0.0933010503649711,1169.5426025390625,0.3579426109790802,-99.89746856689452,-0.9501282572746276,2846.423583984375,0.059369008988142,1088.467041015625,0.2189578264951706,-99.54601287841795,-0.9558660984039308,3.042363166809082,1.3836255073547363,3.012171030044556,1.852824687957764,0.0975179076194763,0.1546126902103424,-5.55663245904725e-05,-187.47048950195312,0.1955634206533432,0.5479245185852051,2.2181179523468018,3.326444387435913,-22.220083236694336,-0.4613013565540313,15.19812297821045,0.94484281539917,-26.757658004760746,-0.4271969199180603,6.026162624359131,0.9176451563835144,0.098943792283535,0.0129430200904607,0.0785494595766067,3.2064130306243896,2.434077262878418,0.199999988079071,0.1310852169990539,0.1908333301544189,0.23478564620018,-32.944374084472656
37.45296096801758,0.0947930738329887,35.08395004272461,36.14060974121094,40.09942626953125,5.015476226806641,143.50416564941406,128.977783203125,55.2465934753418,53.33552551269531,0.5118928551673889,0.4361577332019806,0.3211206793785095,0.4924125969409942,0.6802417635917664,0.3591210842132568,5.438997745513916,3.581244945526123,4.125306606292725,3.284909963607788,0.1045794785022735,0.7386119961738586,3.0942542552948,2.5651912689208984,-19.073118209838867,-0.5334300994873047,13.539420127868652,0.9326743483543396,-24.29771614074707,-0.5219599008560181,0.0213846936821937,2.271527051925659,1.1794922351837158,0.5804920196533203,3.935487508773804,1.0007426738739014,1.1155952215194702,8.02428150177002,0.2696243822574615,34.37906646728516,984.1040649414062,0.2285993993282318,1131.962646484375,0.2856850624084472,-75.77416229248047,-1.2010505199432373,1936.22119140625,0.1182186305522918,1115.0037841796875,0.3424201011657715,-69.88463592529297,-1.265285849571228,2815.114990234375,0.0672579482197761,1048.8944091796875,0.2701749503612518,-68.2388687133789,-1.3110203742980957,2.495316982269287,1.8280572891235352,4.170723915100098,1.558497190475464,0.0978864878416061,0.2142464518547058,0.0043653212487697,2.534757375717163,0.1228459328413009,0.690758466720581,4.6191935539245605,1.4174128770828247,-19.61392593383789,-0.5235525369644165,13.73088836669922,1.040937066078186,-27.99199867248535,-0.4629984498023987,5.433077335357666,0.6719418168067932,0.0918819084763526,0.0111006684601306,0.0718731507658958,3.006012201309204,2.834007978439331,0.2242857068777084,0.1621601432561874,0.1085714250802993,0.0855116620659828,-34.87134552001953
35.93660354614258,0.07221120595932,34.92335510253906,35.63105773925781,36.3695068359375,1.4461517333984375,46.73722839355469,30.188844680786133,63.29842376708984,67.4790267944336,0.4703040719032287,0.578252911567688,0.2063722014427185,0.4193997383117676,0.7190905213356018,0.5127183198928833,5.847787857055664,3.1177303791046143,2.525776624679565,2.55844783782959,0.0904240906238555,0.8669198155403137,4.101072311401367,1.923777461051941,-17.53253173828125,-0.6168760061264038,9.707839965820312,1.5168052911758425,-21.640113830566406,-0.8151819109916687,0.0143748447299003,2.2650389671325684,1.1002674102783203,0.5319093465805054,4.745307445526123,0.8079623579978943,-0.7480089664459229,-10.925312042236328,2.318492889404297,4.346282958984375,984.1886596679688,0.2037623673677444,1112.769287109375,0.2564033567905426,-74.74541473388672,-1.2517669200897217,1959.3541259765625,0.1158657595515251,1089.3673095703125,0.3674680888652801,-72.6962661743164,-1.2477620840072632,2841.169677734375,0.0659182518720626,1043.6243896484375,0.3219527900218963,-71.63297271728516,-1.2767298221588137,2.074658870697021,2.302900552749634,5.89760160446167,1.2303190231323242,0.0919099673628807,0.2430882900953292,0.0070826741866767,1.3517612218856812,0.1135995239019393,0.7291407585144043,6.389668941497803,0.9678539633750916,-18.159255981445312,-0.6047437191009521,9.631672859191896,1.7691212892532349,-29.351381301879883,-0.5441974401473999,6.273059368133545,2.0367159843444824,0.057933397591114,0.0203582663089036,0.0483413971960544,2.204408884048462,2.4439918994903564,0.2549999952316284,0.204633817076683,0.1472727209329605,0.1785848736763,-34.368431091308594
37.96728897094727,0.1253853142261505,35.00212478637695,35.9245491027832,42.57048797607422,7.568363189697266,26.600404739379883,15.791465759277344,81.822509765625,115.05803680419922,0.4061489403247833,0.6400458216667175,0.190994530916214,0.3260365426540375,0.6264852285385132,0.4354906976222992,5.772015571594238,3.6502532958984375,2.37094521522522,1.4816863536834717,0.07810690253973,0.9586688280105592,0.9293258190155028,10.380755424499512,-14.930548667907717,-0.8056352734565735,2.899775505065918,5.413284778594971,-16.20905876159668,-1.003782868385315,0.0199420694261789,2.122186183929444,1.2448686361312866,0.4336268901824951,3.830700635910034,0.8732537031173706,-2.126913785934448,-4.3730669021606445,2.292454957962036,3.6931231021881104,989.1112060546876,0.2148911654949188,1108.5081787109375,0.2435297518968582,-67.885498046875,-1.3408584594726562,1969.7535400390625,0.1107241511344909,1086.192626953125,0.3255294859409332,-63.60432815551758,-1.3956400156021118,2834.56787109375,0.0662503391504287,1069.2171630859375,0.2915045619010925,-63.61397933959961,-1.393155574798584,2.179750919342041,2.636648178100586,6.31541633605957,0.9669349789619446,0.0815456062555313,0.2145822346210479,0.0067845811136066,1.5506162643432615,0.0922382771968841,0.8293710947036743,2.6449148654937744,3.5423290729522705,-16.32703399658203,-0.7169468402862549,1.752496361732483,9.847417831420898,-20.52276992797852,-0.782574474811554,5.23137092590332,3.0286104679107666,0.051423855125904,0.0176900420337915,0.0407068952918052,2.605210542678833,2.4439918994903564,0.2708333432674408,0.2099388092756271,0.1183333247900009,0.1262823045253753,-35.442039489746094
39.52811813354492,0.1127755120396614,35.35233688354492,39.05765151977539,43.585636138916016,8.233299255371094,91.06758880615234,84.56163024902344,87.36328887939453,100.0500946044922,0.438078224658966,0.517654538154602,0.2496523261070251,0.3807803094387054,0.6609692573547363,0.4113169312477112,4.388212203979492,2.860285758972168,2.2038369178771973,1.4606420993804932,0.0700737535953521,0.7950236201286316,-6.452524185180664,-2.1887173652648926,-10.730767250061035,-1.2080379724502563,-0.0160802733153104,-701.5894775390625,-16.38445472717285,-0.8753141164779663,0.0242631249129772,2.240426540374756,1.1983938217163086,0.4790597558021545,4.659618377685547,0.8379210829734802,-0.3461836874485016,-29.471349716186523,0.7930231094360352,12.58802318572998,898.5242309570312,0.2762591242790222,1197.9559326171875,0.2600136995315552,-76.98638153076172,-1.2174279689788818,1907.1341552734373,0.1236911490559578,1079.7005615234375,0.2824233472347259,-68.32610321044922,-1.3285367488861084,2760.5849609375,0.0774134546518325,1096.143310546875,0.2663061320781708,-67.08643341064453,-1.3645057678222656,2.261380672454834,3.297187089920044,4.515124797821045,1.7145731449127195,0.0883194804191589,0.2102325558662414,0.0023877043277025,5.785470008850098,0.0789821445941925,0.7985831499099731,-1.0776807069778442,-9.232421875,-14.791614532470703,-0.8461472988128662,1.1743863821029663,10.08386516571045,-21.09880828857422,-0.7174400687217712,10.257426261901855,-1.990260362625122,0.0793390125036239,0.0133227063342928,0.0547916069626808,2.4048097133636475,2.028397560119629,0.3189999759197235,0.3284645676612854,0.1722222119569778,0.2615669667720794,-36.37716293334961
39.76336288452149,0.0999917015433311,37.52568817138672,39.10186767578125,40.80375671386719,3.2780685424804688,82.99834442138672,81.63713073730469,96.44719696044922,86.909423828125,0.5283272862434387,0.4977076649665832,0.2806697189807892,0.4972000420093536,0.7612377405166626,0.4805680215358734,6.940655708312988,7.434512138366699,2.132365703582764,1.4664047956466677,0.0904443487524986,0.8518403172492981,-7.721940040588379,-1.6730207204818726,-7.283487319946289,-1.7015149593353271,1.435388445854187,6.974539279937744,-19.77179527282715,-0.8335019946098328,0.0191243682056665,2.678197145462036,1.0061110258102417,0.5526157021522522,4.955628395080566,0.9701570868492126,3.371767044067383,2.6039865016937256,3.341503620147705,3.2590274810791016,856.0127563476562,0.2706625759601593,1244.3385009765625,0.2549263834953308,-77.7420654296875,-1.1707313060760498,1875.9246826171875,0.1298324763774871,1077.6944580078125,0.2990098893642425,-66.62039947509766,-1.303987979888916,2756.26416015625,0.0780086293816566,1081.2655029296875,0.2962765991687774,-64.2421875,-1.3644746541976929,0.9853477478027344,8.533974647521973,4.981533050537109,1.942424297332764,0.0936596766114234,0.1865192204713821,-0.0002711923443712,-45.17330551147461,0.1053302809596061,0.8260010480880737,-1.848790526390076,-4.904724597930908,-9.884611129760742,-1.317939519882202,3.0158140659332275,3.429641008377075,-25.136398315429688,-0.6601244807243347,11.279026985168455,-2.531986713409424,0.0860104858875274,0.0119910221546888,0.057171557098627,1.6032065153121948,2.024291515350342,0.332999974489212,0.2594628930091858,0.1555555462837219,0.2657530307769775,-33.837860107421875
40.86491012573242,0.1359004825353622,37.1556510925293,39.467376708984375,42.2309799194336,5.075328826904297,113.14935302734376,141.63050842285156,95.98954010009766,66.3751449584961,0.5781083703041077,0.5405631065368652,0.3293391466140747,0.5281791090965271,0.7740068435668945,0.4446676969528198,6.965087890625,6.889617443084717,3.617074012756348,2.2319929599761963,0.1199163496494293,0.9231337308883668,-4.994546413421631,-1.800279140472412,-12.454867362976074,-1.06415855884552,0.5337122082710266,25.7011661529541,-21.69465065002441,-0.6965969800949097,0.0186576135456562,2.1955196857452397,1.049687385559082,0.5579492449760437,3.04763412475586,1.615387797355652,3.141526222229004,2.607915163040161,4.124881267547607,1.9820367097854612,934.0462036132812,0.2427957952022552,1172.443115234375,0.2876574397087097,-64.7226333618164,-1.3285735845565796,1928.274658203125,0.1219434514641761,1099.379638671875,0.3121806681156158,-56.032527923583984,-1.458326816558838,2821.876708984375,0.0730130299925804,1042.4918212890625,0.2911761105060577,-55.01077651977539,-1.4803779125213623,2.657268524169922,2.580063819885254,4.974817276000977,1.418712139129639,0.0916757360100746,0.1967736482620239,0.0027938159182667,3.846245527267456,0.1363881081342697,0.8559171557426453,-3.1813554763793945,-2.84126091003418,-13.750545501708984,-0.9677239060401917,0.7236971855163574,20.361818313598636,-24.654029846191406,-0.6439586877822876,6.315597057342529,2.0267858505249023,0.0859978124499321,0.0071658114902675,0.0770244300365448,2.4048097133636475,3.2388663291931152,0.2175000011920929,0.1935361623764038,0.093333326280117,0.0694422200322151,-32.36722183227539
38.65262222290039,0.1367402970790863,35.63004302978516,36.98370361328125,41.834022521972656,6.2039794921875,55.80397415161133,65.78070831298828,61.929813385009766,79.43950653076172,0.5406007766723633,0.5070051550865173,0.3513861298561096,0.4972752332687378,0.7124335765838623,0.3610474467277527,6.264536380767822,4.072426795959473,4.057321548461914,2.471168279647827,0.1083936616778373,0.8758060932159424,-2.744960308074951,-3.823138952255249,-13.028948783874512,-1.0341153144836426,2.9797708988189697,5.018529415130615,-20.68793487548828,-0.7310563325881958,0.0164756551384925,1.904414415359497,1.0939680337905884,0.5034668445587158,2.967680692672729,1.5468708276748655,1.0595178604125977,8.492210388183594,4.040350437164307,1.836902379989624,949.6919555664062,0.2440535426139831,1258.67626953125,0.3012418746948242,-78.33302307128906,-1.1876205205917358,1910.7471923828125,0.123982198536396,1121.9375,0.2958496510982513,-70.93476867675781,-1.268234372138977,2807.98876953125,0.0770822241902351,1097.850341796875,0.2557488083839416,-70.71537017822266,-1.2729860544204712,1.7890228033065796,2.979677677154541,6.104250431060791,0.8271315693855286,0.0982949659228324,0.1749871522188186,0.0009988002711907,10.582648277282717,0.1281385123729705,0.780001699924469,0.0450092032551765,195.4127349853516,-16.043716430664062,-0.7663981914520264,2.2277069091796875,7.289775848388672,-26.11702919006348,-0.5235031843185425,5.770925998687744,1.415581226348877,0.0880570784211158,0.0063724918290972,0.0738580524921417,2.8056113719940186,2.429149866104126,0.2599999904632568,0.2955503165721893,0.1409090906381607,0.107234202325344,-33.589847564697266
36.710086822509766,0.080773539841175,34.72898483276367,35.95767974853516,37.2826042175293,2.553619384765625,360.8443908691406,692.2586059570312,-16.006088256835938,73.85674285888672,0.4623230695724487,0.4263216853141784,0.2960984110832214,0.4549320638179779,0.6226257085800171,0.3265272974967956,4.88547420501709,3.121423721313477,3.3486218452453613,1.918160319328308,0.0906576216220855,0.7079353332519531,-3.166456699371338,-3.342669010162353,-6.055077075958252,-2.019897222518921,6.251927852630615,2.202864646911621,-13.97275161743164,-0.9276291131973268,0.0158601198345422,1.8748512268066408,1.1218502521514893,0.4782692492008209,2.9731462001800537,1.3540854454040527,1.2589445114135742,7.185539245605469,3.5035147666931152,2.2312204837799072,958.5404052734376,0.263207346200943,1252.6019287109375,0.4032858312129974,-88.97447204589844,-1.0338385105133057,1902.1038818359373,0.1422383189201355,1155.2996826171875,0.2547706365585327,-81.584716796875,-1.118468165397644,2780.0478515625,0.0799751505255699,1079.9730224609375,0.2327846735715866,-81.35738372802734,-1.121845006942749,0.9410954713821412,5.78471040725708,6.129420757293701,1.0985873937606812,0.0997386425733566,0.153424471616745,0.0023594587109982,4.499148845672607,0.1066406667232513,0.6138663291931152,0.8229169249534607,9.52230453491211,-10.19178295135498,-1.0827374458312988,4.807491779327393,3.045931816101074,-18.603347778320312,-0.5936906933784485,6.104551315307617,-0.2833430469036102,0.0891462117433548,0.0089138755574822,0.0656512156128883,3.8076155185699454,3.0364372730255127,0.1899999976158142,0.1589129716157913,0.1376923024654388,0.1449750065803527,-36.20227813720703
38.328346252441406,0.1316331177949905,34.86946105957031,36.44824981689453,41.39171600341797,6.522254943847656,346.4836120605469,563.3820190429688,282.8370666503906,425.9685363769531,0.4742778837680816,0.4423228502273559,0.2993616461753845,0.4454056322574615,0.6397918462753296,0.340430200099945,4.457849979400635,1.6488251686096191,2.953509569168091,1.3290339708328247,0.0967878922820091,0.7676553726196289,-6.891694068908691,-1.2729065418243408,-9.10740089416504,-1.090359449386597,2.345721244812012,6.64334774017334,-11.528462409973145,-0.9920156002044678,0.05252306163311,2.776484489440918,1.2658042907714844,0.7307029366493225,0.924799621105194,4.770081996917725,0.2110510021448135,40.384765625,1.0685948133468628,7.230735778808594,1006.0068359375,0.2313300520181656,1123.4461669921875,0.4232140183448791,-105.43717193603516,-0.8672045469284058,1951.339111328125,0.1247955486178398,1135.443603515625,0.2449196130037307,-97.59076690673828,-0.953413188457489,2821.978759765625,0.0751577764749527,1044.0115966796875,0.2779128849506378,-97.67432403564452,-0.9513263702392578,4.013806819915772,1.3040647506713867,3.058006048202514,2.221992492675781,0.0991159677505493,0.1561871767044067,0.0049844244495034,2.3177120685577397,0.1160557717084884,0.636603593826294,-3.832342386245728,-2.019794464111328,-10.431092262268066,-0.8545067310333252,3.750669479370117,4.4306960105896,-14.791908264160156,-0.6294523477554321,7.289261817932129,-0.1765504032373428,0.0961232930421829,0.0098990183323621,0.0698643773794174,3.6072146892547607,3.651115655899048,0.1322222203016281,0.1122772172093391,0.1205555498600006,0.1090602353215217,-35.78899002075195
39.35539627075195,0.1111842170357704,35.90999984741211,37.64387893676758,42.258785247802734,6.348785400390625,126.81124877929688,178.5288848876953,319.1691589355469,475.6047973632813,0.5474997758865356,0.4771206378936767,0.3139794468879699,0.4876199066638946,0.7394727468490601,0.4254932999610901,5.900716304779053,3.0928969383239746,5.013846397399902,4.041546821594238,0.1262086033821106,0.791456937789917,-3.899405956268311,-2.39761734008789,-14.47447109222412,-0.6768854856491089,-3.3022806644439697,-4.733617305755615,-16.33161163330078,-1.0113445520401,0.0430387705564498,3.040095090866089,1.3035095930099487,0.6553976535797119,1.6855255365371704,2.836601972579956,1.7307863235473633,5.137293815612793,4.774819850921631,2.040940523147583,900.0311279296875,0.2891242504119873,1154.919189453125,0.249873474240303,-88.55726623535156,-1.055124044418335,1877.099853515625,0.1344898492097854,1139.917724609375,0.2458543181419372,-77.9113540649414,-1.1623740196228027,2768.158935546875,0.0775557160377502,1078.2449951171875,0.3219058513641357,-78.66254425048828,-1.1435779333114624,3.04863715171814,1.6999741792678833,4.996748447418213,1.417616605758667,0.0979829654097557,0.1633545160293579,0.0023574091028422,5.509582042694092,0.160422146320343,0.6775900721549988,-1.148229718208313,-7.318324565887451,-16.75758934020996,-0.5866293907165527,-4.344019412994385,-3.9755935668945312,-20.942153930664062,-0.8496651649475098,6.448892116546631,1.1057473421096802,0.0991627052426338,0.0070418161340057,0.0696049556136131,4.208416938781738,3.4482760429382324,0.169411763548851,0.123786836862564,0.1005882322788238,0.1142479553818702,-32.67904281616211
38.02418518066406,0.0848512426018714,35.14373779296875,36.91025161743164,41.62303924560547,6.479301452636719,78.88957977294922,130.12521362304688,10.217564582824709,18.275632858276367,0.5290394425392151,0.5080158114433289,0.290981113910675,0.4612685441970825,0.7382879257202148,0.4473068118095398,6.301672458648682,2.6722567081451416,5.664124488830566,4.121854782104492,0.1206589117646217,0.8398874998092651,-1.5758229494094849,-5.646961212158203,-10.133950233459473,-1.2730684280395508,-2.166032552719116,-7.080987930297852,-19.02001190185547,-0.9010226130485536,0.022235294803977,3.280322790145874,1.174931883811951,0.5251861810684204,3.139188051223755,1.3945564031600952,1.798977017402649,5.109121799468994,6.646608352661133,1.205944538116455,888.2408447265625,0.3036035895347595,1156.0592041015625,0.2256668657064438,-78.5932846069336,-1.162219762802124,1882.1363525390625,0.1398687213659286,1152.5257568359375,0.2958091497421264,-68.96575927734375,-1.2610461711883545,2765.587890625,0.0798510238528251,1044.39453125,0.2859576046466827,-69.08245086669922,-1.2553341388702393,0.7670769095420837,6.657055854797363,6.856404781341553,0.9913464784622192,0.0975182056427002,0.1610999703407287,-0.0002235493011539,-51.850399017333984,0.1511398702859878,0.7132301330566406,1.5934233665466309,4.55483865737915,-14.1134614944458,-0.8694506287574768,-1.489981174468994,-11.441354751586914,-24.298370361328125,-0.7105710506439209,3.85188102722168,2.5294554233551025,0.0972896069288253,0.0016032529529184,0.0616868920624256,3.8076155185699454,3.0364372730255127,0.2113333344459533,0.110987477004528,0.0979999974370002,0.1023848876357078,-32.86467742919922
35.93135452270508,0.0548686422407627,34.449161529541016,35.59367370605469,37.02299880981445,2.573837280273437,57.21805953979492,45.10116195678711,21.30373191833496,21.766233444213867,0.4229384064674377,0.4699599146842956,0.2396440804004669,0.3763065338134765,0.616758406162262,0.377114325761795,4.298457145690918,2.4530513286590576,2.752166271209717,1.6963375806808472,0.0788818299770355,0.8329400420188904,-4.104379653930664,-2.064716100692749,-2.871347188949585,-4.343008995056152,5.674280166625977,2.704496145248413,-18.53516960144043,-0.8780380487442017,0.0141802299767732,1.220633625984192,1.1313859224319458,0.5599310994148254,2.8749074935913086,1.2979899644851685,1.1640546321868896,7.748457431793213,5.079639434814453,1.3206017017364502,903.580810546875,0.2752068936824798,1146.8299560546875,0.2265186607837677,-110.1804428100586,-0.835504412651062,1916.98095703125,0.1263469159603119,1025.77978515625,0.4045751988887787,-100.91574096679688,-0.9135850667953492,2810.528076171875,0.0770338624715805,1013.7860717773438,0.2663423418998718,-99.4992446899414,-0.937782883644104,0.6428999900817871,6.521564483642578,5.975076198577881,0.8869736194610596,0.0987760350108146,0.1423024386167526,-0.0025627219583839,-4.504547595977783,0.1037390902638435,0.7117599248886108,0.974328637123108,5.779283046722412,-6.147983551025391,-1.9143821001052856,9.481342315673828,1.8286384344100952,-24.65724754333496,-0.6775554418563843,4.781717300415039,1.4311705827713013,0.0973801910877227,0.00134132290259,0.0502856858074665,3.006012201309204,3.0364372730255127,0.1599999964237213,0.1282185614109039,0.1607142835855484,0.2041170597076416,-36.77702331542969
36.83658599853516,0.0818965286016464,34.660789489746094,35.98765563964844,38.28948593139648,3.628696441650391,57.46648406982422,56.23452377319336,67.52400207519531,91.26705169677734,0.4332220554351806,0.4304821193218231,0.2740943729877472,0.3979453146457672,0.6170729398727417,0.3429785668849945,3.63644289970398,1.5775879621505735,2.3973796367645264,1.931145429611206,0.0800846740603447,0.724736750125885,-2.510744094848633,-3.918348789215088,-3.0130245685577397,-4.60875940322876,7.922152519226074,1.7943713665008545,-18.5733699798584,-0.8867313265800476,0.0146160777658224,1.3824564218521118,1.2463676929473877,0.6871280074119568,2.999776601791382,1.7014533281326294,1.303161859512329,6.317686080932617,4.400701999664307,2.168673276901245,848.4263916015625,0.3115551173686981,1211.234375,0.2684516906738281,-90.24785614013672,-1.0042327642440796,1864.575927734375,0.1416914612054824,1003.1591186523438,0.3752670288085937,-80.99873352050781,-1.0838651657104492,2783.5703125,0.0826488882303237,1010.2952270507812,0.2567330598831177,-79.28540802001953,-1.1204025745391846,-0.6700766086578369,-10.131998062133787,6.79210090637207,1.0802992582321167,0.0942942276597023,0.1719769686460495,-0.0044079767540097,-2.9461259841918945,0.0895355716347694,0.6943670511245728,1.8874353170394895,4.397119045257568,-5.171703338623047,-2.590526580810547,8.908769607543945,1.8292113542556765,-22.248483657836918,-0.7769633531570435,5.110013961791992,1.0990954637527466,0.0923867225646972,0.0020500575192272,0.0638453587889671,3.406813859939575,3.4482760429382324,0.1705882251262664,0.1630038022994995,0.1049999967217445,0.0934745967388153,-36.75840759277344
37.27307891845703,0.0913421139121055,34.61538314819336,35.62446212768555,40.03471755981445,5.419334411621094,65.66971588134766,63.89196014404297,46.59267807006836,75.34468078613281,0.3371241390705108,0.6083875298500061,0.1328243464231491,0.3323267698287964,0.4662180542945862,0.3333936929702759,3.224928617477417,1.7650822401046753,2.1299052238464355,1.7052404880523682,0.0586925558745861,0.9242313504219056,-4.597552299499512,-3.093118906021118,-2.969865083694458,-4.792347431182861,2.897691011428833,5.087184906005859,-10.51637077331543,-1.5063918828964231,0.0151724247261881,1.2642552852630615,1.3113527297973633,0.6767626404762268,3.056488275527954,1.814227104187012,-0.916138768196106,-7.452704429626465,6.452119827270508,1.8140299320220947,857.0257568359375,0.3153713345527649,1214.3656005859375,0.2694135904312134,-112.5161590576172,-0.8529682159423828,1856.904296875,0.1483247280120849,1105.833740234375,0.2869836390018463,-105.58738708496094,-0.891280472278595,2767.0546875,0.0800433009862899,987.5460815429688,0.2778091132640838,-105.67024993896484,-0.887999415397644,-1.6286706924438477,-4.494266510009766,8.918519973754883,0.9606047868728638,0.0931964740157127,0.1822178810834884,-0.0048208995722234,-2.4878125190734863,0.0765734016895294,0.7973015904426575,3.883716344833374,2.194239854812622,-7.9521484375,-1.745881199836731,-1.4414023160934448,-12.416522026062012,-18.964807510375977,-0.829553484916687,7.126043796539307,1.3991729021072388,0.076083093881607,0.0156231541186571,0.0428501442074775,2.605210542678833,2.2312374114990234,0.2072727084159851,0.1556272357702255,0.2399999946355819,0.4175164699554443,-38.640769958496094
36.43694686889648,0.070470780134201,34.368682861328125,36.222900390625,39.23888397216797,4.870201110839844,101.81022644042967,109.68025207519533,6.904540061950684,11.874122619628906,0.2167191356420517,0.5852794051170349,0.096448890864849,0.210435688495636,0.3158700466156006,0.2194211483001709,2.470221519470215,3.19832706451416,1.211491346359253,0.839031457901001,0.0310877356678247,0.8288071155548096,-5.236658096313477,-2.450307130813598,-3.914337158203125,-3.3610875606536865,-2.136702060699463,-6.880154132843018,-7.595835208892822,-1.497248649597168,0.0172944292426109,1.3871124982833862,1.3801193237304688,0.3827800154685974,1.255213499069214,1.6255102157592771,-1.859557867050171,-3.998471975326538,8.394551277160645,1.2884870767593384,961.5584106445312,0.1922959387302398,1226.32080078125,0.177744910120964,-146.20242309570312,-0.5997404456138611,1914.8211669921875,0.0993870794773101,1177.8765869140625,0.2134113758802414,-143.67762756347656,-0.6088550090789795,2811.3017578125,0.0603692643344402,1001.2918701171876,0.2105771452188491,-144.505615234375,-0.5966009497642517,0.2490878105163574,12.542909622192385,8.992265701293945,0.6763061285018921,0.1015915349125862,0.1532186418771743,0.0021610627882182,4.336487770080566,0.0368441455066204,0.4661287069320678,2.680616617202759,1.761662840843201,-12.983077049255373,-0.7811289429664612,-14.641066551208496,-1.054711937904358,-17.11286163330078,-0.6121424436569214,5.4255900382995605,2.8646183013916016,0.0810217708349227,0.0130838816985487,0.0292208455502986,2.4048097133636475,1.6194331645965576,0.1612499952316284,0.1320452094078064,0.3844444155693054,0.4280215799808502,-45.09664916992188
36.87395477294922,0.0522298105061054,35.548274993896484,37.10755920410156,38.13347244262695,2.5851974487304688,97.07381439208984,82.13082885742188,16.812585830688477,11.927054405212402,0.2192022204399109,0.4401731789112091,0.1317183077335357,0.2140471488237381,0.2881349921226501,0.1564166843891143,2.321962118148804,3.3374571800231934,1.1435348987579346,0.9131808280944824,0.0287124402821064,0.7230435013771057,-3.540541648864746,-2.5836760997772217,-2.7967798709869385,-3.913689136505127,-2.079403877258301,-5.955624103546143,-6.851734638214111,-1.3407739400863647,0.0220222417265176,1.0492885112762451,1.1921849250793457,0.4455111920833587,2.614966630935669,1.4778248071670532,3.4576375484466557,2.9899697303771973,6.39014196395874,1.1248146295547483,1001.3187866210938,0.2041931748390197,1173.687744140625,0.2150469571352005,-133.2421417236328,-0.6544134020805359,1920.7615966796875,0.1018678471446037,1178.841064453125,0.2419193387031555,-127.4343719482422,-0.7011618614196777,2819.932373046875,0.0671429857611656,1070.3074951171875,0.2964159250259399,-128.2517852783203,-0.6887409687042236,-2.5062646865844727,-2.386564016342163,10.669029235839844,0.5840344429016113,0.0963282585144043,0.1866820901632309,0.0089265862479805,1.2320151329040527,0.0284198652952909,0.4579682648181915,0.5927576422691345,9.898669242858888,-4.388307094573975,-2.9252586364746094,-0.8459699153900146,-18.78601455688477,-8.868515014648438,-1.1410685777664185,3.901135683059693,3.5066006183624268,0.0900706872344017,0.0107102775946259,0.0289276614785194,2.605210542678833,2.2267205715179443,0.1581818163394928,0.1266934871673584,0.2261538505554199,0.2307358831167221,-45.98649978637695
39.53304672241211,0.0776164084672927,37.14014434814453,38.62945556640625,43.23018264770508,6.090038299560547,34.266483306884766,13.573633193969728,152.5962677001953,148.5306854248047,0.1903808712959289,0.432856947183609,0.1165869683027267,0.18543042242527,0.2605685591697693,0.1439815908670425,1.4306074380874634,1.4761409759521484,1.128658413887024,0.9828505516052246,0.022078925743699,0.631648600101471,-8.566084861755371,-1.0840404033660889,-4.098608493804932,-2.596182346343994,3.7182211875915527,2.774110794067383,-4.735101222991943,-2.08747673034668,0.0207508224993944,0.892829179763794,1.193629503250122,0.4495145976543426,2.4019813537597656,1.6746056079864502,8.00324821472168,1.1000977754592896,5.993828773498535,0.8010543584823608,1044.4315185546875,0.1974750757217407,1047.9307861328125,0.2553805112838745,-130.73719787597656,-0.682205080986023,1969.301513671875,0.1014928817749023,1146.886962890625,0.2488819062709808,-123.75267028808594,-0.7511728405952454,2856.791259765625,0.065837413072586,1087.74609375,0.3590531349182129,-124.5397491455078,-0.7382217645645142,-0.4971866011619568,-14.276179313659668,8.486771583557129,0.8221998810768127,0.0933208838105201,0.1703184694051742,0.0095406780019402,1.1746604442596436,0.026530310511589,0.3922767043113708,-1.884236216545105,-3.301807403564453,-7.570135116577148,-1.8782318830490112,4.389209747314453,2.8323915004730225,-8.981203079223633,-1.2835460901260376,8.202534675598145,-0.956814169883728,0.0817930176854133,0.021033052355051,0.0195581540465354,2.8056113719940186,1.6194331645965576,0.231249988079071,0.1422530710697174,0.289000004529953,0.2997482120990753,-47.66268157958984
39.34587097167969,0.0772009715437889,37.601539611816406,38.41336441040039,39.22502136230469,1.6234817504882812,18.86429786682129,11.877254486083984,85.44001007080078,116.20697784423828,0.3436740636825561,0.6999871730804443,0.1233694851398468,0.2517553567886352,0.5342059135437012,0.4108364284038543,2.6205172538757324,2.156317234039306,0.690460741519928,0.4040166735649109,0.0519342198967933,0.9732656478881836,-6.056202411651611,-1.6437419652938845,-10.523615837097168,-1.0159204006195068,7.0395026206970215,1.8841609954833984,-13.86367893218994,-1.201983094215393,0.010557172819972,1.5091620683670044,1.1727819442749023,0.4053220748901367,3.7151968479156494,0.9551013708114624,3.582483053207397,2.0922341346740723,1.2247614860534668,6.232297897338867,872.3070068359375,0.3673505187034607,1213.6785888671875,0.2850604951381683,-101.2796401977539,-0.9600940942764282,1828.37939453125,0.1467013955116272,1054.0380859375,0.2742701470851898,-86.1463851928711,-1.1205867528915403,2731.626220703125,0.0863085240125656,1141.411376953125,0.3073341250419616,-84.44873046875,-1.1591811180114746,3.439423084259033,1.4473413228988647,2.2621548175811768,3.017443895339966,0.1006233021616935,0.133679911494255,-0.0012204343220219,-10.64577865600586,0.0740973055362701,0.7033882141113281,-0.5143454670906067,-13.316621780395508,-16.307327270507812,-0.5194605588912964,8.217260360717773,1.872157096862793,-22.09966087341309,-0.7174288630485535,9.90398120880127,-2.9290125370025635,0.0782411321997642,0.0222269166260957,0.0221536345779895,1.2024048566818235,1.217038631439209,0.4650000035762787,0.3375771641731262,0.3366666734218597,0.3025814890861511,-37.915897369384766
37.965370178222656,0.0956669822335243,36.64973831176758,37.71065139770508,38.49216842651367,1.8424301147460935,106.6023406982422,93.4255142211914,88.08000946044922,62.79536437988281,0.4202897846698761,0.5541235208511353,0.1872796416282653,0.413221001625061,0.6193718314170837,0.4320921897888183,4.427868366241455,2.868161678314209,1.2125575542449951,1.550082445144653,0.0719143077731132,0.7612226605415344,-3.1869115829467773,-3.7004895210266113,-5.213568210601807,-2.4355387687683105,9.02670669555664,1.5646822452545166,-13.49280071258545,-1.272128701210022,0.011307836510241,2.068098306655884,1.0352883338928225,0.516918957233429,4.616390228271484,0.7602929472923279,4.101374626159668,1.9998670816421509,3.4390978813171387,3.134926080703736,773.6301879882812,0.4153675436973572,1284.0299072265625,0.2579260766506195,-101.01765441894533,-0.9376991391181946,1741.7171630859375,0.1516677737236023,1049.6856689453125,0.3189200758934021,-83.28038787841797,-1.0921272039413452,2685.512451171875,0.0836517736315727,1113.80419921875,0.2744225859642029,-80.8665542602539,-1.148198485374451,1.0466792583465576,6.352056980133057,4.338199615478516,2.072847366333008,0.1049970388412475,0.1307460069656372,-0.0024083179887384,-4.936375617980957,0.0927987322211265,0.5675054788589478,1.426167130470276,6.42020845413208,-8.928624153137207,-1.3371371030807495,10.892797470092772,1.50237238407135,-21.913959503173828,-0.708663821220398,6.770298004150391,1.0217764377593994,0.0810164734721183,0.0186250265687704,0.0394287407398223,2.0040080547332764,1.4227641820907593,0.4228571355342865,0.3443301320075989,0.2262499928474426,0.2885280549526214,-36.3884391784668
36.857513427734375,0.1027228757739067,35.8434944152832,36.395694732666016,37.40021514892578,1.556720733642578,140.39646911621094,68.88604736328125,48.12569046020508,16.66925811767578,0.3308223485946655,0.601565957069397,0.1305892169475555,0.310536116361618,0.5049365758895874,0.3743473589420318,3.761759996414185,2.06261944770813,2.64750075340271,1.737659215927124,0.0588633455336093,0.8977541923522949,-4.986876964569092,-2.449317216873169,-3.9428961277008057,-2.975281953811645,10.284828186035156,1.1691890954971311,-7.188188076019287,-1.864652156829834,0.0144545389339327,1.922648787498474,1.0465832948684692,0.5634816288948059,3.887115955352783,0.9010734558105468,5.753419876098633,1.4817198514938354,5.963851451873779,1.5858720541000366,840.6607055664062,0.3591747581958771,1258.6363525390625,0.3152308166027069,-129.57398986816406,-0.6907488107681274,1838.56787109375,0.1479124426841735,1116.185546875,0.3832444548606872,-116.44667053222656,-0.7783594727516174,2743.09814453125,0.0796702951192855,1103.971923828125,0.2895196676254272,-115.0362548828125,-0.8013506531715393,-0.0792059525847435,-80.27941131591797,6.045834541320801,1.3875731229782104,0.1056683510541915,0.1289312839508056,0.0032567167654633,2.746532440185547,0.0915731936693191,0.5933454036712646,2.791196823120117,3.513132095336914,-5.451687335968018,-2.2236125469207764,13.34101104736328,1.1725795269012451,-17.513099670410156,-0.6160005331039429,7.98957633972168,0.3713032305240631,0.0769473686814308,0.0215667020529508,0.0340017266571521,3.006012201309204,2.2267205715179443,0.1909091025590896,0.1268108487129211,0.2381818145513534,0.3205341696739197,-38.650970458984375
37.39779281616211,0.1065567433834075,35.1392822265625,36.33628082275391,37.965110778808594,2.8258285522460938,143.82960510253906,152.6056365966797,49.72347640991211,49.88587188720703,0.3612634837627411,0.6108746528625488,0.1558315306901931,0.2870026528835296,0.5742878317832947,0.4184563159942627,3.597965240478516,2.1444265842437744,2.3839380741119385,0.9971644878387452,0.0611553005874156,0.8733252882957458,-3.377206563949585,-2.502981424331665,-8.439054489135742,-1.0515315532684326,13.44905948638916,0.9282566905021667,-11.60707664489746,-1.5144325494766235,0.0350329838693141,2.293851137161255,1.4444984197616575,0.7155895829200745,2.8092291355133057,1.3825281858444214,2.661525011062622,2.811350107192993,0.6675722002983093,13.08888339996338,864.09033203125,0.3330899477005005,1264.3724365234375,0.3021784722805023,-119.3076400756836,-0.7772944569587708,1848.1881103515625,0.1284157782793045,1039.4912109375,0.3712860941886902,-107.94384002685548,-0.8632715344429016,2724.5625,0.07957673817873,1171.2110595703125,0.2852847278118133,-104.7501983642578,-0.9220537543296814,2.6539289951324463,1.9811192750930784,2.237549304962158,3.099987268447876,0.098534420132637,0.1654179990291595,-0.0005138323176652,-20.26418876647949,0.098626047372818,0.5237322449684143,1.861614465713501,3.271301507949829,-9.154329299926758,-0.8636547327041626,20.01249313354492,0.6993942260742188,-24.35524559020996,-0.6682990193367004,7.832823753356934,0.7846752405166626,0.0728587657213211,0.0208064895123243,0.0261969901621341,1.8036073446273804,1.8218623399734497,0.2566666603088379,0.2104492485523224,0.3075000047683716,0.3987715542316437,-37.89716339111328
37.778438568115234,0.1292791217565536,34.503963470458984,36.37068557739258,39.89014053344727,5.386177062988281,392.4577026367188,599.4998779296875,70.72074890136719,47.39421463012695,0.4013105928897857,0.6588203310966492,0.1633304357528686,0.3263055086135864,0.6670682430267334,0.5037378072738647,3.674894809722901,2.764500379562378,2.7763540744781494,1.576037883758545,0.0639820769429206,0.9080199599266052,-3.612783432006836,-2.412332773208618,-9.499603271484377,-1.1329293251037598,7.495048999786377,1.873056411743164,-9.702363014221191,-1.7395119667053225,0.0396103374660015,2.254246711730957,1.3868136405944824,0.7783697247505188,2.7558910846710205,1.513506293296814,0.4690074026584625,18.516700744628903,0.0944693610072135,96.62642669677734,890.9105224609375,0.3185481131076813,1196.95263671875,0.2303464710712433,-103.7893524169922,-0.9305480122566224,1872.499267578125,0.1299162805080413,1074.28662109375,0.3328857719898224,-93.5201416015625,-1.024307131767273,2750.687255859375,0.0767665058374404,1138.775146484375,0.3263298273086548,-91.92073059082033,-1.058212399482727,2.8166098594665527,1.6624935865402222,4.49803352355957,1.410048007965088,0.0863339081406593,0.236749917268753,0.0029106591828167,4.651642322540283,0.1010227426886558,0.5595937371253967,1.3830010890960691,3.686858654022217,-12.500321388244627,-0.8151171803474426,11.675142288208008,1.4169002771377563,-19.167198181152344,-0.8844963312149048,7.720399856567383,0.1769054383039474,0.0551630370318889,0.0195316672325134,0.020958250388503,1.4028056859970093,1.4227641820907593,0.3742856979370117,0.3248233199119568,0.3085714280605316,0.281497448682785,-36.02511978149414
38.76271057128906,0.1144525036215782,35.89973449707031,37.22803115844727,40.22292709350586,4.323192596435547,565.344482421875,815.977783203125,33.357933044433594,32.9692268371582,0.4434560537338257,0.6251084804534912,0.1835913062095642,0.401480883359909,0.7124438285827637,0.5288525223731995,3.34778904914856,1.814836025238037,3.226402282714844,1.502192139625549,0.0753835961222648,0.8934728503227234,-4.851075172424316,-2.004213809967041,-11.19773006439209,-1.024638295173645,0.4240210652351379,32.54897689819336,-9.00578784942627,-1.444386601448059,0.0225801263004541,2.424825668334961,1.1379393339157104,0.5504269599914551,3.5712850093841557,1.0962542295455933,4.177306175231934,2.6088271141052246,4.353623390197754,2.0393261909484863,925.5330200195312,0.3081119656562805,1151.143310546875,0.2249001562595367,-103.12303924560548,-0.9585233330726624,1906.4530029296875,0.1314401775598526,1158.92236328125,0.3659137487411499,-93.34156799316406,-1.0385174751281738,2776.8203125,0.0788437351584434,1072.6416015625,0.400483638048172,-93.93342590332033,-1.0257954597473145,1.8849565982818604,2.216646194458008,7.8549113273620605,0.6933908462524414,0.0802169516682624,0.2304500192403793,0.0093683814629912,1.7943756580352783,0.1093091592192649,0.641710102558136,1.5042473077774048,4.255632400512695,-16.221635818481445,-0.6766211986541748,2.6083877086639404,6.344398021697998,-15.249109268188477,-0.8181617856025696,8.289637565612793,-0.7249404191970825,0.0625968724489212,0.0180948451161384,0.0353129021823406,1.4028056859970093,1.6194331645965576,0.3237499892711639,0.1813103258609771,0.3142856955528259,0.3356382548809051,-34.77686309814453
37.9832649230957,0.0937496945261955,35.2919807434082,37.29923629760742,39.83782958984375,4.545848846435547,41.34067916870117,32.15087127685547,31.49017333984375,27.78036499023437,0.4536915421485901,0.547387421131134,0.2200527638196945,0.4153293073177337,0.6418622136116028,0.421809434890747,4.710628032684326,3.197902202606201,3.1119983196258545,2.129926443099976,0.0838411077857017,0.817359447479248,-1.978967547416687,-3.854581117630005,-12.303165435791016,-0.7460876107215881,-3.643397569656372,-3.711146593093872,-13.065777778625488,-1.076746106147766,0.017246114090085,1.105628252029419,1.1971337795257568,0.4343693554401397,3.201289415359497,1.132392168045044,1.563151717185974,7.451666831970215,6.3563551902771,1.2846863269805908,897.5554809570312,0.3208459019660949,1170.0718994140625,0.2379763722419738,-98.58980560302734,-1.001527190208435,1875.5562744140625,0.1499495357275009,1161.4888916015625,0.3200705051422119,-91.39494323730467,-1.0428718328475952,2772.74560546875,0.0893742740154266,990.5700073242188,0.3827750086784363,-92.44850158691406,-1.0204041004180908,0.8933590054512024,4.452824115753174,9.6719331741333,0.5764088034629822,0.0901800915598869,0.1987882405519485,0.0069593149237334,2.4330685138702397,0.1147630289196968,0.6247197389602661,1.942010521888733,3.3957135677337646,-13.985177040100098,-0.7346374988555908,-3.732980251312256,-4.382552623748779,-18.879425048828125,-0.7929031848907471,5.549077033996582,2.5275797843933105,0.0854018777608871,0.0170840751379728,0.0441694818437099,2.4048097133636475,1.829268217086792,0.2933333218097687,0.1967513859272003,0.233333334326744,0.2694438397884369,-34.7318229675293
36.39822006225586,0.0862478986382484,34.503597259521484,35.97229766845703,37.83104705810547,3.3274497985839844,357.80029296875,682.7348022460938,43.05906295776367,58.29042053222656,0.4878884255886078,0.4088666141033172,0.3239948749542236,0.4537197053432464,0.6208215951919556,0.2968267202377319,5.199629306793213,2.3913018703460693,2.915590763092041,1.878322958946228,0.0939481928944587,0.7297316789627075,-0.1931544095277786,-43.52888488769531,-10.995412826538086,-0.8793966770172119,-2.3112094402313232,-5.146487712860107,-14.181824684143066,-0.9855124950408936,0.0131440935656428,1.2718175649642944,1.2666856050491333,0.5216858386993408,3.3630220890045166,0.9238784909248352,-3.365572929382324,-2.207003355026245,3.613372802734375,2.2688705921173096,863.9596557617188,0.3144724071025848,1198.3419189453125,0.226836547255516,-88.4197769165039,-1.0672638416290283,1848.79052734375,0.1603632271289825,1164.787109375,0.300354927778244,-81.92524719238281,-1.1135421991348269,2750.15869140625,0.0943143963813781,1033.54052734375,0.3414929807186126,-82.36111450195312,-1.103333592414856,1.1758832931518557,3.8617053031921382,7.489399909973144,0.9663337469100952,0.0986628755927085,0.1276673227548599,0.0032848955597728,3.392763614654541,0.1152194887399673,0.6642365455627441,3.990686893463135,1.436270236968994,-13.524032592773438,-0.6723828911781311,-1.9551717042922971,-7.037368297576904,-18.45911979675293,-0.8034180402755737,5.331709384918213,1.884392023086548,0.0926688462495803,0.0132454195991158,0.0618971213698387,4.208416938781738,3.042596340179444,0.1886666566133499,0.159242644906044,0.1292857080698013,0.1456740200519561,-35.19090270996094
37.27675247192383,0.1396031379699707,34.30329513549805,35.97530746459961,37.804832458496094,3.501537322998047,502.3253173828125,797.5355834960938,0.5241966247558594,91.43256378173828,0.3703020513057709,0.6650958061218262,0.0864913016557693,0.3749599456787109,0.5634313821792603,0.4769400954246521,4.560259819030762,2.4544949531555176,2.489168882369995,1.402018427848816,0.0700784474611282,1.0051758289337158,-3.642817258834839,-2.638478755950928,-7.79268217086792,-1.4211580753326416,-5.245973587036133,-2.6940317153930664,-8.639238357543945,-1.4910500049591064,0.0169219058007001,1.5153043270111084,1.290947198867798,0.5715704560279846,2.567934036254883,1.2646520137786863,-2.078037977218628,-3.827415227890015,2.0749547481536865,3.904179096221924,875.353759765625,0.3249322772026062,1163.4268798828125,0.2386075556278228,-129.31045532226562,-0.6953582167625427,1861.9259033203125,0.1589953601360321,1184.11572265625,0.349476546049118,-119.4447784423828,-0.7727628350257874,2729.67333984375,0.0892243757843971,1158.0062255859375,0.472802460193634,-119.49641418457033,-0.7724452018737793,1.9502722024917605,2.567369222640991,5.763131141662598,1.3020020723342896,0.1000079661607742,0.1233446523547172,0.0019332837546244,4.2864766120910645,0.107263796031475,0.7731112837791443,2.909334659576416,1.9891834259033203,-14.29384708404541,-0.5578358769416809,1.273442029953003,11.36756420135498,-15.827251434326172,-0.8058695197105408,5.855630397796631,2.219428062438965,0.086847960948944,0.017175855115056,0.0455721579492092,2.8056113719940186,3.0364372730255127,0.1253333389759063,0.1243579164147377,0.210769236087799,0.3407787978649139,-37.48176956176758
38.960716247558594,0.1323270350694656,36.2723388671875,37.57133102416992,42.020137786865234,5.747798919677734,67.50080871582031,46.54430770874024,173.44471740722656,96.78137969970705,0.1741183847188949,0.9192540049552916,0.0486340075731277,0.1313671916723251,0.2529301047325134,0.2042960971593856,2.8434863090515137,3.374911069869995,1.0539653301239014,0.7844717502593994,0.0249180160462856,1.405361294746399,-2.4347543716430664,-3.224932909011841,-6.828429222106934,-1.8553351163864136,-15.013175010681152,-0.8737390041351318,-3.242653608322144,-2.8602304458618164,0.0266047324985265,1.1584705114364624,1.529296875,0.3313382565975189,0.4668343961238861,5.561167240142822,-2.355077743530273,-4.163591384887695,6.99738883972168,0.9942641258239746,958.8767700195312,0.2816486954689026,1203.579345703125,0.2703514695167541,-152.91824340820312,-0.5398503541946411,1908.9580078125,0.1528100073337555,1268.0838623046875,0.2395286411046981,-144.58648681640625,-0.6015668511390686,2771.3896484375,0.071533128619194,1158.6749267578125,0.4835392236709595,-146.3302001953125,-0.5764065980911255,2.050601005554199,2.104036331176758,11.0195894241333,0.4311188459396362,0.1047065258026123,0.1347054988145828,0.0101378811523318,1.2635594606399536,0.0401900932192802,1.1315423250198364,0.1117104962468147,41.26192474365234,-16.453113555908203,-0.4234831035137176,-18.231979370117188,-0.8015885949134827,-9.346181869506836,-0.8712053298950195,2.7117066383361816,6.479345321655273,0.0880665779113769,0.0175829585641622,0.0196764785796403,1.2024048566818235,2.429149866104126,0.1024999991059303,0.0672216415405273,0.3429999947547912,0.386420726776123,-44.68949508666992
38.7889518737793,0.1077077463269233,36.012577056884766,37.39679718017578,40.78860855102539,4.776031494140625,276.0810852050781,404.9471740722656,225.8607940673828,257.5344543457031,0.1911333203315735,0.5023467540740967,0.0922367870807647,0.2029991149902343,0.270091712474823,0.1778549253940582,1.496784210205078,0.8039235472679138,0.6875349283218384,0.4266756176948547,0.0241557322442531,0.6701579689979553,-1.8650139570236208,-3.1867482662200928,-9.4049654006958,-1.1964508295059204,-13.20428466796875,-1.0857325792312622,-7.547918796539307,-1.346927285194397,0.0298482682555913,1.9237302541732788,1.268972635269165,0.4105308949947357,0.7177357077598572,3.719179630279541,-0.4489580392837524,-18.20236015319824,5.95466947555542,1.3171091079711914,1039.509521484375,0.2095052748918533,1101.5506591796875,0.2761819660663605,-117.24207305908205,-0.8163315653800964,1954.481201171875,0.1147849038243293,1227.4012451171875,0.2133647203445434,-110.70304870605467,-0.8721938729286194,2817.799560546875,0.0629714131355285,1092.877685546875,0.4553797543048858,-111.77166748046876,-0.8550710082054138,2.075888156890869,1.8837288618087769,7.714290142059326,0.8223583698272705,0.111473873257637,0.1415686905384063,0.0081978496164083,1.4172927141189575,0.0304994471371173,0.3753951787948608,-3.0682644844055176,-1.95913827419281,-14.08759307861328,-0.5180554389953613,-14.111985206604004,-1.0928510427474976,-12.832246780395508,-0.7648970484733582,0.840838611125946,7.486895561218262,0.0954037383198738,0.012700923718512,0.0191937107592821,2.8056113719940186,3.2388663291931152,0.125,0.1149456351995468,0.1726666539907455,0.1471265405416488,-48.11789321899414
38.63158416748047,0.1399860978126526,34.83976364135742,37.18803405761719,40.7396240234375,5.899860382080078,329.7452087402344,384.6377868652344,341.1679077148437,421.0196838378906,0.2426350861787796,0.2977839410305023,0.1809654533863067,0.2471973896026611,0.3097230494022369,0.1287575960159301,1.157291293144226,0.662287175655365,0.6038018465042114,0.2720390558242798,0.0303020570427179,0.4507103264331817,-6.836942195892334,-0.7367140054702759,-8.393233299255371,-1.0354301929473877,-3.798989772796631,-3.483565330505371,-10.977733612060549,-0.7614081501960754,0.036846999078989,2.062885046005249,1.0985668897628784,0.4149414300918579,-0.5779189467430115,-5.14119291305542,-0.3123795688152313,-23.795482635498047,2.59204649925232,3.1803324222564697,1067.658203125,0.2269250452518463,1016.963623046875,0.3184366524219513,-115.86624145507812,-0.8008493185043335,1993.702880859375,0.1117285564541816,1169.9686279296875,0.2138164788484573,-108.40547943115234,-0.867487370967865,2841.668701171875,0.069882720708847,1176.480224609375,0.4964022934436798,-108.3130874633789,-0.8701674342155457,2.457936763763428,1.4008302688598633,4.459498882293701,1.1960957050323486,0.1125024259090423,0.1484998911619186,0.0025658686645329,3.265310049057007,0.0333311893045902,0.3302910029888153,-6.563387393951416,-0.7704396843910217,-9.32268524169922,-0.8145079612731934,-4.561728000640869,-2.827767372131348,-14.082531929016112,-0.6393168568611145,3.6543705463409424,3.544325590133667,0.0984241664409637,0.0070882923901081,0.0282078143209218,2.0040080547332764,4.065040588378906,0.1019999980926513,0.1023523285984993,0.1289473623037338,0.111066348850727,-46.8428840637207
37.92339706420898,0.1376992911100387,34.60992813110352,35.60049057006836,39.54573440551758,4.935806274414063,123.52496337890624,123.286865234375,372.3120727539063,508.4192199707031,0.224596306681633,0.2802929580211639,0.1688047647476196,0.2183376401662826,0.2903268337249756,0.1215220689773559,0.8081985712051392,0.4832538366317749,0.6798595786094666,0.3053903877735138,0.0267346147447824,0.4436111748218536,-7.383692264556885,-0.8195497393608093,-6.713168621063232,-1.187472939491272,-0.721785843372345,-16.83477210998535,-10.862960815429688,-0.6351870894432068,0.0274795461446046,2.1239380836486816,1.0765347480773926,0.3674503266811371,-1.133376955986023,-2.0489342212677,-3.624663829803467,-2.3328397274017334,1.86221444606781,4.498715877532959,1006.507080078125,0.2986941635608673,1121.105224609375,0.3473463356494903,-135.15603637695312,-0.6496362090110779,1954.23291015625,0.1379254907369613,1175.3638916015625,0.2867222130298614,-124.96324920654295,-0.7341554760932922,2820.619384765625,0.0860810354351997,1095.8282470703125,0.3711434304714203,-125.42330932617188,-0.7267397046089172,2.26423978805542,1.422644019126892,5.099494457244873,0.9985495805740356,0.1037023589015007,0.1833934932947158,0.0028699927497655,3.021162986755371,0.0301662776619195,0.3213278651237488,-5.182925224304199,-1.1310120820999146,-8.562525749206543,-0.8989270925521851,-4.6734137535095215,-2.781330347061157,-13.263110160827637,-0.50764399766922,4.805456638336182,2.502923011779785,0.0925625339150428,0.0075886221602559,0.0248471517115831,3.006012201309204,3.441295623779297,0.0994117632508277,0.0872097164392471,0.1711764633655548,0.1786182969808578,-48.15353393554688
36.41667556762695,0.0916116312146186,34.16722106933594,34.93830490112305,38.872833251953125,4.705612182617188,-0.8775330185890198,0.0,18.517269134521484,0.0,0.1602342426776886,0.4323896467685699,0.0910924449563026,0.1558052003383636,0.2243884205818176,0.1332959830760955,0.8383459448814392,0.4047526717185974,0.4992341697216034,0.34361332654953,0.0169840361922979,0.6889374256134033,-7.874802589416504,-0.9310338497161864,-5.717414855957031,-1.2800530195236206,0.1179353296756744,93.21351623535156,-8.519865989685059,-0.9159632325172424,0.0158659443259239,0.6461336612701416,1.0685913562774658,0.303935170173645,0.416111946105957,4.064560890197754,-5.696754455566406,-1.4571123123168943,3.311540365219116,2.5553512573242188,940.7145385742188,0.2955515086650848,1236.600341796875,0.2414790540933609,-167.59860229492188,-0.4284597933292389,1872.974853515625,0.1238928064703941,1197.0714111328125,0.3327800035476684,-161.96139526367188,-0.4745107293128967,2769.08203125,0.0835379064083099,979.1405639648438,0.1789007484912872,-162.21173095703125,-0.4699268043041229,1.0253231525421145,2.7840378284454346,6.901573181152344,0.7849102020263672,0.0962715893983841,0.2083947658538818,0.0055247289128601,1.4220702648162842,0.0269662197679281,0.2686254978179931,-1.5760596990585327,-3.2973313331604004,-10.237126350402832,-0.7337954044342041,-11.111786842346191,-1.1955251693725586,-13.404391288757324,-0.5036308169364929,6.382138729095459,0.3287166357040405,0.0759961232542991,0.0141972592100501,0.0148085569962859,2.605210542678833,1.4170039892196655,0.1257142871618271,0.1129926741123199,0.4887499809265136,0.7034279704093933,-51.34138107299805
39.83705520629883,0.1207634434103965,38.44293594360352,38.952484130859375,39.28694152832031,0.8440055847167969,224.0819091796875,106.17911529541016,105.25179290771484,52.883426666259766,0.1548401564359665,0.6319421529769897,0.0801064372062683,0.1170736923813819,0.2232380509376526,0.1431316137313842,2.3338623046875,1.924834132194519,1.4251095056533811,1.6163935661315918,0.0199743639677763,1.2265639305114746,-9.017399787902832,-0.8844035863876343,-2.601370334625244,-2.692983627319336,6.926257133483887,1.3672078847885132,-7.677945137023926,-1.203083872795105,0.0328719317913055,1.241572618484497,1.4374781847000122,0.4323806464672088,2.178072690963745,1.7277756929397583,8.113743782043457,1.2685980796813965,5.214290618896484,2.018417835235596,832.7369995117188,0.3752273321151733,1223.729736328125,0.2980145215988159,-187.47201538085935,-0.2325862944126129,1781.1634521484375,0.1520716249942779,1166.1539306640625,0.4341380596160888,-180.7267303466797,-0.3001777231693268,2693.469970703125,0.0724970921874046,1042.94091796875,0.2579881846904754,-180.25587463378903,-0.3077071905136108,0.0669010803103447,82.90496063232422,6.236161708831787,1.0658235549926758,0.0996735021471977,0.1213579028844833,-0.0062139849178493,-1.43863046169281,0.0597575940191745,0.613857090473175,-1.8141664266586304,-5.056197166442871,-4.040443420410156,-1.6366792917251587,8.586047172546387,1.4982973337173462,-17.415184020996094,-0.417725920677185,6.296230792999268,0.2159280925989151,0.0750768482685089,0.0145578384399414,0.0152773344889283,2.8056113719940186,1.214574933052063,0.0749999955296516,0.0543905645608902,0.6228570938110352,0.9827179312705994,-47.86920166015625
38.33951568603516,0.0859006196260452,36.44075393676758,37.88753890991211,38.95337677001953,2.512622833251953,281.428466796875,113.46047973632812,64.23258209228516,56.162559509277344,0.2209366410970688,0.6389625668525696,0.0822543501853942,0.1758729368448257,0.367352694272995,0.2850983440876007,2.133946418762207,1.7412450313568115,1.4814221858978271,1.566204071044922,0.0294502172619104,0.9054592847824096,-7.697023868560791,-1.382832407951355,-3.1926910877227783,-2.240225553512573,8.959610939025879,1.1835858821868896,-7.0962748527526855,-1.3298208713531494,0.0172349065542221,1.462064504623413,0.9850062727928162,0.546217143535614,4.931990623474121,0.8780959844589233,9.343897819519045,0.7316859364509583,10.513649940490724,0.8844757080078125,918.4064331054688,0.2686428427696228,1113.547607421875,0.2758307158946991,-160.4427032470703,-0.464729368686676,1926.545654296875,0.1440052539110183,1070.665771484375,0.3886160254478454,-152.77801513671875,-0.514487087726593,2827.448974609375,0.0799005851149559,1002.9495239257812,0.2729999721050262,-152.97792053222656,-0.5112059712409973,-3.3201904296875,-1.6440919637680054,11.611124038696287,0.5864105820655823,0.0998590216040611,0.1892145574092865,0.0108327297493815,1.3497360944747925,0.0533905103802681,0.4618658125400543,4.062026023864746,2.020589590072632,-1.973624348640442,-3.932773113250733,2.9098780155181885,4.146997451782227,-11.01506805419922,-0.9754722118377686,8.320428848266602,-0.7732794880867004,0.0773860812187194,0.0202016048133373,0.0208698939532041,3.2064130306243896,1.214574933052063,0.199999988079071,0.2735568284988403,0.5157142877578735,0.7687625885009766,-42.4866943359375
36.575775146484375,0.0587305538356304,35.14503860473633,36.48908233642578,37.9033432006836,2.7583045959472656,30.383928298950195,22.51340675354004,102.55414581298828,81.26160430908203,0.2132510393857956,0.5785008072853088,0.109538696706295,0.1775736361742019,0.3375526666641235,0.2280139625072479,1.3020946979522705,0.5655480027198792,0.815420925617218,0.6373969912528992,0.0246360152959823,0.7071091532707214,-8.066593170166016,-1.3446723222732544,-0.1485743820667266,-63.96210479736328,6.066733360290527,1.6592682600021362,-7.64753246307373,-1.1204365491867063,0.0201797522604465,1.7155511379241943,0.9189026951789856,0.4873875379562378,3.827181339263916,1.206405520439148,7.277681827545166,1.0744876861572266,10.009329795837402,0.9463017582893372,954.2774047851562,0.2885123789310455,1108.1353759765625,0.3614992201328277,-155.6232452392578,-0.5064363479614258,1962.9019775390625,0.1353798806667328,1048.283447265625,0.3080971240997314,-150.44676208496094,-0.5392207503318787,2860.005859375,0.0769390985369682,1009.3240966796876,0.2414246797561645,-150.57533264160156,-0.537651538848877,-3.118480443954468,-1.841647028923035,10.342277526855469,0.738760769367218,0.1028443351387977,0.1880007833242416,0.010784825310111,1.2597776651382446,0.0379480943083763,0.3956550359725952,2.6681666374206543,3.080272912979126,1.577580809593201,6.004502296447754,2.213998317718506,4.668920516967773,-8.918712615966797,-1.1039491891860962,8.178153991699219,-1.2728748321533203,0.0842533186078071,0.0155688291415572,0.0199388694018125,2.4048097133636475,1.214574933052063,0.2083333283662796,0.2717484533786773,0.508571445941925,0.4662748277187347,-43.32794952392578
35.05820846557617,0.070980966091156,33.521480560302734,34.671077728271484,35.36806869506836,1.846588134765625,53.18412399291992,18.94677734375,45.160194396972656,37.85431289672852,0.2335040122270584,0.602367639541626,0.1272041201591491,0.1900446861982345,0.3183920979499817,0.1911879777908325,1.93184494972229,1.1435657739639282,1.202391505241394,1.0587879419326782,0.0305159538984298,0.8976825475692749,-8.218268394470215,-1.1835806369781494,-0.492715448141098,-21.943584442138672,0.8845781087875366,10.180392265319824,-4.506410598754883,-2.29651951789856,0.0232274886220693,1.7611325979232788,1.2001060247421265,0.4098962843418121,0.67828369140625,4.248193740844727,-0.5506580471992493,-18.43351554870605,2.8903491497039795,3.2397682666778564,850.5368041992188,0.392052948474884,1200.5802001953125,0.3505027294158935,-163.93878173828125,-0.4427647888660431,1813.356689453125,0.1580918729305267,1116.8134765625,0.2261207699775695,-157.6837921142578,-0.4911615252494812,2724.486083984375,0.0845414474606514,1031.527587890625,0.2049034684896469,-157.49624633789062,-0.4940219819545746,0.1096803694963455,45.81641006469727,6.565851211547852,0.9054548740386964,0.092561699450016,0.2296890616416931,0.0007852737326174,16.622892379760742,0.0506787411868572,0.7036844491958618,-1.133960843086243,-6.068771362304688,-1.9728432893753047,-6.239483833312988,2.2606358528137207,4.418432235717773,-7.747772216796875,-1.4279788732528689,6.246187210083008,1.1184345483779907,0.0855877771973609,0.0106990039348602,0.0250899698585271,2.4048097133636475,1.8218623399734497,0.1099999994039535,0.1298717260360717,0.3759999871253967,0.3701675236225128,-43.90140914916992
35.33876419067383,0.0548508241772651,33.98643112182617,35.10224914550781,36.20661163330078,2.2201805114746094,36.76944732666016,21.0297908782959,22.019344329833984,20.065290451049805,0.2407137155532837,0.5779737830162048,0.1387412399053573,0.1889145374298095,0.3381656110286712,0.1994243711233139,1.8868714570999143,1.266793966293335,1.1515536308288574,1.140321969985962,0.0306826829910278,0.8926231861114502,-4.8837199211120605,-1.9476940631866453,-0.4610582292079925,-21.289766311645508,-2.691450834274292,-3.23968768119812,-1.00575053691864,-8.642007827758789,0.0127825289964675,0.7434998154640198,1.0754088163375854,0.4310203194618225,2.252887010574341,1.6708635091781616,1.7871243953704834,5.407285213470459,7.220008850097656,1.1480096578598022,828.4024658203125,0.3211917877197265,1199.9324951171875,0.1802859604358673,-145.35772705078125,-0.5775873064994812,1832.5194091796875,0.1488219201564788,1075.5115966796875,0.1629557609558105,-138.1893310546875,-0.6254262328147888,2746.1181640625,0.0911551639437675,1046.4366455078125,0.2723956108093261,-138.8357696533203,-0.6158277988433838,-2.543120861053467,-1.9390748739242556,11.252252578735352,0.4861530661582947,0.0816560611128807,0.1831760257482528,0.0094583937898278,1.4490307569503784,0.0439545325934886,0.7138462066650391,3.0783302783966064,1.9433108568191528,-0.6940134763717651,-14.497254371643066,-2.962080717086792,-3.096548557281494,-1.297491431236267,-7.625734806060791,5.365113258361816,2.7771105766296387,0.0777439028024673,0.0136086186394095,0.0245214235037565,2.204408884048462,1.8218623399734497,0.1688888967037201,0.2118408381938934,0.3577777743339538,0.3724327385425567,-42.83380126953125
35.04228210449219,0.0654848739504814,33.69049072265625,35.05589294433594,35.96063232421875,2.2701416015625,463.3103942871094,512.1629638671875,29.365528106689453,25.84109115600586,0.2847411930561065,0.5139129161834717,0.1622899621725082,0.2452986687421798,0.3863210678100586,0.2240311056375503,3.6154518127441406,2.766664981842041,2.3354122638702397,1.5601353645324707,0.0418062917888164,0.8466930389404297,-1.7316632270812988,-4.73776912689209,1.0799627304077148,9.921255111694336,0.2761841118335724,44.18718719482422,-7.800876617431641,-1.378507375717163,0.0287651550024747,2.9282751083374023,1.110488772392273,0.4764360189437866,2.714543342590332,1.2801004648208618,2.738842725753784,2.849111318588257,6.56559419631958,1.1609370708465576,934.8390502929688,0.2480285614728927,1161.6904296875,0.1939925700426101,-112.11692810058594,-0.8185886740684509,1921.7471923828125,0.112074464559555,1086.4927978515625,0.2715537250041961,-106.45775604248048,-0.8593408465385437,2814.154541015625,0.0735895112156868,1080.3126220703125,0.2909762263298034,-106.13468170166016,-0.8651993274688721,-1.0650074481964111,-4.915899276733398,8.573123931884766,0.8033862113952637,0.0896859690546989,0.2021716237068176,0.0069643296301364,1.5461413860321045,0.0533895753324031,0.7615355849266052,3.184722661972046,1.8529582023620603,-2.131169557571411,-5.567893505096436,3.411155939102173,4.034904956817627,-9.372634887695312,-1.4628398418426514,2.2605984210968018,3.780822992324829,0.08830526471138,0.0055872285738587,0.0298472717404365,2.8056113719940186,2.4390244483947754,0.1916666626930236,0.2223673164844513,0.1823076903820037,0.1338284611701965,-41.005645751953125
34.9444580078125,0.072911262512207,33.57852554321289,34.59180450439453,36.06075668334961,2.4822311401367188,20.558937072753903,15.459587097167969,244.1641387939453,155.74676513671875,0.3588500022888183,0.5299201011657715,0.214140310883522,0.3282813131809234,0.50324547290802,0.2891051769256592,3.741408348083496,2.4145517349243164,2.580807447433472,1.3454716205596924,0.0580625496804714,0.7864073514938354,-2.7293272018432617,-3.5811843872070312,-5.284655570983887,-2.191974639892578,7.298526287078857,1.7836151123046875,-12.967059135437012,-0.9966991543769836,0.0302273295819759,3.0377306938171387,1.146360993385315,0.4623471200466156,3.34870982170105,0.8797373175621033,-1.4776841402053833,-4.734738349914551,2.2506864070892334,2.9843955039978027,841.7222290039062,0.3294340074062347,1244.2144775390625,0.2383975535631179,-98.350341796875,-0.9535627365112304,1841.1817626953125,0.121498666703701,1035.5020751953125,0.3445533215999603,-94.34880065917967,-0.9826680421829224,2741.965087890625,0.0756719335913658,1130.0855712890625,0.3007045686244964,-92.70014190673828,-1.0158227682113647,0.7354901432991028,5.312968730926514,5.706108570098877,1.0482900142669678,0.0928653627634048,0.199983075261116,0.0001373678969684,70.6419677734375,0.0769445896148681,0.655969500541687,3.154074192047119,1.796617865562439,-6.397101402282715,-1.9204132556915283,9.448664665222168,1.576257586479187,-19.460453033447266,-0.6799836158752441,7.626491546630859,-0.6849817633628845,0.0855101943016052,0.0123665025457739,0.0360518395900726,3.2064130306243896,2.2312374114990234,0.237272709608078,0.2120930552482605,0.1909091025590896,0.2953720092773437,-38.72098159790039
35.58137893676758,0.0641094595193862,33.808929443359375,35.01670837402344,36.83979415893555,3.030864715576172,36.78272247314453,23.60454750061035,52.497840881347656,81.06268310546875,0.3282243609428406,0.5568811893463135,0.1808850169181823,0.2990736067295074,0.4258044958114624,0.24491947889328,3.6775565147399902,2.627143621444702,1.4511018991470337,0.9519757032394408,0.0503249540925025,0.8742616772651672,-1.9852787256240845,-5.435622215270996,-2.722468852996826,-4.7675065994262695,11.32237434387207,1.062541961669922,-8.236588478088379,-1.7691082954406738,0.016797512769699,2.901373624801636,1.0327880382537842,0.5146839022636414,4.504898071289063,0.7947129607200623,1.0376147031784058,8.434475898742676,4.760849952697754,1.6261316537857056,769.4566040039062,0.3829987049102783,1306.74755859375,0.2524684965610504,-96.3902816772461,-0.9553845524787904,1788.77783203125,0.1458790302276611,1056.2471923828125,0.4418030679225921,-90.02436828613281,-1.0027945041656494,2696.112548828125,0.0958429425954818,1143.106201171875,0.3117093741893768,-89.1037826538086,-1.0223058462142944,-1.9955360889434812,-2.761291742324829,8.548416137695312,0.7590981721878052,0.0871011018753051,0.248127743601799,0.0017215515254065,6.772971630096436,0.0656230896711349,0.7614791989326477,4.802852153778076,1.409204602241516,-2.763347625732422,-4.733426570892334,12.44593906402588,1.1267242431640625,-13.822636604309082,-1.1244670152664185,8.19748306274414,-0.7794549465179443,0.0764053985476493,0.0172541737556457,0.03001394495368,2.204408884048462,2.2312374114990234,0.2518181800842285,0.2134060561656952,0.1949999928474426,0.2933001816272735,-38.54524993896485
34.80801010131836,0.0499522946774959,33.596282958984375,34.59283828735352,35.70897674560547,2.1126937866210938,16.925952911376953,8.432016372680664,8.575211524963379,5.614365577697754,0.2640625536441803,0.5543157458305359,0.1495848447084427,0.2562404870986938,0.3994817733764648,0.2498969286680221,4.015038967132568,2.976361036300659,1.9610828161239624,0.8566830158233643,0.0398398377001285,0.8975475430488586,4.748349666595459,2.164636850357056,0.2903532683849334,40.00192642211914,7.0137434005737305,1.9172126054763796,-1.7730318307876587,-8.487187385559082,0.0113042509183287,1.2151201963424685,0.9994038343429564,0.5297605395317078,4.735300540924072,0.7109678387641907,2.5631821155548096,3.1475250720977783,7.109983921051025,1.000845432281494,889.0200805664062,0.2998818159103393,1214.4315185546875,0.2572673857212066,-86.3126449584961,-1.040622353553772,1882.4791259765625,0.1509621739387512,1181.5750732421875,0.3878660202026367,-80.3606185913086,-1.09339702129364,2745.1259765625,0.0886583775281906,1093.937744140625,0.3012679517269134,-80.21234130859375,-1.0967682600021362,-2.4886674880981445,-2.1599695682525635,9.346466064453123,0.630196750164032,0.0874436497688293,0.2443305999040603,0.007649393286556,1.4275763034820557,0.0501659587025642,0.7864148020744324,6.979374885559082,1.0588878393173218,-2.479990243911743,-4.778183937072754,8.89342975616455,1.5592797994613647,-6.2411980628967285,-2.5389645099639893,-0.2581248879432678,8.340295791625977,0.0710140690207481,0.0175247900187969,0.0232360195368528,3.006012201309204,2.6315789222717285,0.2299999892711639,0.1313246041536331,0.1518181711435318,0.1586200892925262,-40.41739654541016
34.60566711425781,0.0464784055948257,33.610015869140625,34.5308952331543,35.18233871459961,1.5723228454589844,96.30377960205078,117.70543670654295,80.04998779296875,153.9019012451172,0.287501573562622,0.6726145148277283,0.1077392548322677,0.2672668993473053,0.4463784098625183,0.3386391401290893,4.759064674377441,2.79082989692688,2.4574105739593506,1.1591811180114746,0.0469779372215271,1.0083932876586914,6.263214111328125,1.5905135869979858,-5.526194095611572,-2.147709369659424,4.246511459350586,3.2039268016815186,-5.312888622283936,-2.8124139308929443,0.0125902332365512,2.0688178539276123,1.032022476196289,0.5203938484191895,4.825997829437256,0.6387274861335754,-1.578712821006775,-4.430496692657471,4.826879978179932,1.4693546295166016,931.3014526367188,0.2872621417045593,1209.12255859375,0.2635412514209747,-77.408935546875,-1.1781013011932373,1890.35693359375,0.1644812673330307,1215.34716796875,0.2834031581878662,-72.01451873779297,-1.2437916994094849,2760.365966796875,0.0847474262118339,999.0318603515624,0.2466314136981964,-72.69384002685547,-1.2237657308578491,-1.5119823217391968,-3.9007887840271,8.67547607421875,0.8356738686561584,0.0876355841755867,0.2174455821514129,0.005180730484426,2.4176783561706543,0.0615633651614189,0.8430349826812744,8.19017505645752,0.920559823513031,-7.894454002380371,-1.4970476627349854,5.793811321258545,2.4386112689971924,-9.732583999633787,-1.5348767042160034,1.271187663078308,7.627101898193359,0.066179521381855,0.0196038875728845,0.0200709234923124,3.406813859939575,2.032520294189453,0.3149999976158142,0.2331630289554596,0.2228571474552154,0.3003671169281006,-39.856693267822266
35.1353874206543,0.0507161878049373,33.996055603027344,34.570438385009766,35.60138320922852,1.605327606201172,153.77853393554688,142.65167236328125,129.8571319580078,171.61705017089844,0.2857440114021301,0.6060858368873596,0.1724917888641357,0.2355152368545532,0.3819209337234497,0.2094291448593139,3.9731602668762207,2.7668707370758057,2.136817693710327,1.4716322422027588,0.0441549904644489,0.984335958957672,-2.614438533782959,-3.942913055419922,-9.376834869384766,-1.1550092697143557,5.852891445159912,1.9127171039581297,-4.973522663116455,-2.0181756019592285,0.0154158473014831,2.1737937927246094,1.0259909629821775,0.5540543794631958,5.058344841003418,0.7024281024932861,-3.2426953315734863,-2.028538942337036,3.5047004222869877,2.053990840911865,934.912353515625,0.3205004036426544,1252.8231201171875,0.2735660076141357,-137.6909942626953,-0.653633713722229,1857.39013671875,0.1748934984207153,1231.911376953125,0.2559147179126739,-131.64883422851562,-0.7028020024299622,2757.98193359375,0.0932193547487258,954.5962524414062,0.1866688728332519,-132.61183166503906,-0.6872925758361816,-1.625672459602356,-4.3854265213012695,9.075453758239746,0.9552540183067322,0.0861488804221153,0.2290999740362167,0.0016981395892798,7.567164421081543,0.0745962187647819,0.769363284111023,7.878218650817871,0.9916836023330688,-10.542656898498535,-1.2400567531585691,6.558730125427246,2.2118020057678223,-12.978206634521484,-0.780155599117279,7.6969313621521,-0.1192571967840194,0.0627284348011016,0.0189210399985313,0.0277981106191873,2.605210542678833,1.012145757675171,0.3379999995231628,0.2893717288970947,0.6259999871253967,0.9487802386283876,-40.54579162597656
38.289207458496094,0.083635926246643,37.02348327636719,37.35552978515625,37.89767837524414,0.8741950988769531,239.65936279296875,0.0,0.1555852890014648,2.927717685699463,0.3662356734275818,0.4920928180217743,0.1954204440116882,0.3174318075180053,0.5532553791999817,0.3578349351882934,2.597571849822998,1.492453932762146,1.4328160285949707,0.8271581530570984,0.0641681924462318,0.7243092060089111,-9.512653350830078,-0.6347219347953796,-10.653705596923828,-0.6627494692802429,9.045987129211426,1.0004271268844604,-2.352970838546753,-3.2113373279571533,0.0445045344531536,2.0009469985961914,1.1197340488433838,0.536179780960083,0.9388096332550048,3.9661073684692383,3.2309834957122803,2.620269060134888,1.3462767601013184,8.154385566711426,791.5614624023438,0.4655129015445709,1026.601806640625,0.3208997249603271,-187.64454650878903,-0.2421330511569976,1820.1162109375,0.1688715368509292,1056.23291015625,0.4372037649154663,-180.4385528564453,-0.3157521486282348,2719.24267578125,0.0935153514146804,1205.9195556640625,0.4189595580101013,-180.18844604492188,-0.3201487362384796,2.914088010787964,1.4198520183563232,1.7197725772857666,2.5876235961914062,0.091405414044857,0.1820515394210815,-0.0037628703285008,-2.1546666622161865,0.0886652842164039,0.2431857287883758,-2.031857967376709,-2.836405038833618,-7.653867244720459,-0.577423095703125,14.99372673034668,0.596268892288208,-13.511606216430664,-0.3625117838382721,10.05500602722168,-2.357757091522217,0.0656291246414184,0.020086558535695,0.0604932643473148,2.605210542678833,1.012145757675171,0.0939999967813491,0.0436348468065261,0.7266666293144226,1.0020257234573364,-40.00544738769531
38.9135971069336,0.1313522011041641,35.70911407470703,37.1314811706543,40.7148323059082,5.005718231201172,209.59542846679688,255.00979614257807,77.53679656982422,24.459003448486328,0.6221532225608826,0.3337270617485046,0.4560143649578094,0.5648365616798401,0.8177436590194702,0.3617292940616607,3.346209764480591,1.547873854637146,2.662970542907715,1.8814661502838133,0.1400728672742843,0.5538681149482727,-7.771649360656738,-0.7688705325126648,-14.87056827545166,-0.492446094751358,15.979689598083496,0.6366659998893738,-7.766740798950195,-1.3581596612930298,0.0587222203612327,1.6495672464370728,1.4632108211517334,0.655641496181488,-0.2959216237068176,-13.613786697387695,3.5661535263061523,2.357700824737549,-0.256567895412445,-40.33100891113281,928.7044067382812,0.3888009488582611,1016.6243286132812,0.3271086812019348,-157.71237182617188,-0.4889051616191864,1912.3524169921875,0.1567671447992324,1097.35009765625,0.3637646734714508,-144.30728149414062,-0.600052535533905,2795.800537109375,0.0890096649527549,1076.7552490234375,0.3568457961082458,-143.53695678710938,-0.6115086674690247,4.086771488189697,1.0890501737594604,0.8281134963035583,6.832084655761719,0.09690972417593,0.154899850487709,-0.0040686135180294,-2.2418158054351807,0.1599960774183273,0.4915144443511963,-2.0320560932159424,-2.218991756439209,-12.043461799621582,-0.6283108592033386,15.57914924621582,0.7236340641975403,-18.88555335998535,-0.459657222032547,12.395095825195312,-4.180337429046631,0.0719326734542846,0.0173853877931833,0.1333520710468292,3.006012201309204,1.6194331645965576,0.1662499904632568,0.1718965917825698,0.3822222054004669,0.5246538519859314,-33.533634185791016
39.34266662597656,0.1220959573984146,36.432735443115234,37.39985656738281,41.52345657348633,5.090721130371094,304.4079284667969,209.31077575683597,53.562477111816406,30.8610954284668,0.7047623991966248,0.3312194049358368,0.4694535136222839,0.7016778588294983,0.8909263610839844,0.4214728474617004,6.064103126525879,5.788089275360107,4.259941577911377,2.215870857238769,0.1812126785516739,0.5551748871803284,-2.557054281234741,-2.677081346511841,-22.96196556091309,-0.3551113307476043,15.845623970031738,0.8064137101173401,-9.761438369750977,-1.126107692718506,0.0496738292276859,1.485741138458252,1.5633593797683716,0.5535552501678467,-0.1301891356706619,-30.568920135498047,2.395433187484741,4.095762729644775,-3.277772665023804,-3.29141616821289,979.5684204101562,0.2846831679344177,1002.9816284179688,0.3231925964355469,-129.62359619140625,-0.6952948570251465,1939.238037109375,0.1274594366550445,1153.2784423828125,0.2663573026657104,-120.81139373779295,-0.7828758358955383,2808.030029296875,0.074044220149517,1092.31884765625,0.3060918152332306,-119.99507904052734,-0.7968876957893372,5.782602787017822,0.8007813692092896,0.0758068412542343,84.39312744140625,0.0996092036366462,0.1263806372880935,0.0029222569428384,3.913825273513794,0.2329202443361282,0.4654060006141662,1.4469558000564575,4.328274250030518,-22.410968780517575,-0.4767941236495971,14.11678981781006,1.180222511291504,-18.120790481567383,-0.5737898945808411,11.606778144836426,-3.0219898223876958,0.0769820213317871,0.0152764664962887,0.1470020562410354,2.8056113719940186,2.2312374114990234,0.1690908968448639,0.1521634608507156,0.285999983549118,0.4339400827884674,-31.30002212524414
38.48672103881836,0.0758993029594421,36.81784057617188,37.75489807128906,39.51972198486328,2.7018814086914062,141.59756469726562,136.9831085205078,22.590126037597656,7.675933361053467,0.6756203770637512,0.3668287396430969,0.4512974619865417,0.6411018967628479,0.8837834596633911,0.4324859976768493,6.152859687805176,5.514026641845703,3.832777500152588,1.7700560092926023,0.1799315065145492,0.6138803362846375,0.8030189871788025,9.744793891906738,-25.89608383178711,-0.3635019659996032,13.903592109680176,0.9505788087844848,-14.518912315368652,-0.8047879338264465,0.0274581685662269,1.2815660238265991,1.4348628520965576,0.4246178567409515,1.2330925464630127,3.2943813800811768,1.8135815858840945,5.923917770385742,-3.246786832809448,-2.9759836196899414,904.400390625,0.3012612462043762,1080.553955078125,0.2551033496856689,-105.5141830444336,-0.8682438135147095,1883.46240234375,0.1188482046127319,1084.3800048828125,0.2923431396484375,-97.30573272705078,-0.9527947306632996,2758.5673828125,0.0742044374346733,1119.18115234375,0.2550908923149109,-95.12836456298828,-0.9950109124183656,4.977726936340332,1.0907660722732544,0.3122442364692688,21.2578182220459,0.1004000231623649,0.1265535354614257,0.0044788420200347,2.247753381729126,0.2325229197740554,0.517451286315918,4.537717819213867,1.2871906757354736,-24.851947784423828,-0.4611427783966064,15.340933799743652,1.0593446493148804,-20.390323638916016,-0.5616729855537415,10.810402870178224,-2.454139471054077,0.0884706899523735,0.0171026848256587,0.1203239932656288,3.006012201309204,3.2388663291931152,0.1525000035762787,0.0895474702119827,0.1446666568517685,0.205324649810791,-31.240028381347656
37.38119125366211,0.0654210820794105,35.923973083496094,36.81660842895508,38.34309387207031,2.4191207885742188,44.71968460083008,25.95285987854004,73.41436767578125,80.83780670166016,0.5926843881607056,0.3843998312950134,0.4096516668796539,0.5341628193855286,0.8105560541152954,0.4009043872356415,4.954321384429932,2.179612398147583,3.9189083576202393,2.742039680480957,0.1393185257911682,0.6564463973045349,1.7902249097824097,5.00119686126709,-19.31878662109375,-0.6081870198249817,12.935489654541016,0.9969098567962646,-17.346080780029297,-0.6541222333908081,0.0147216329351067,1.233816146850586,1.223906636238098,0.5088104605674744,3.1358635425567627,1.437840223312378,3.0153634548187256,3.176619291305542,1.4496053457260132,6.835445880889893,937.320556640625,0.2951619625091553,1079.724365234375,0.2805405557155609,-76.38060760498047,-1.165284276008606,1927.1927490234373,0.1339449435472488,1106.2718505859375,0.3125513792037964,-68.501708984375,-1.2719987630844116,2794.81640625,0.0806968733668327,1078.166015625,0.2341029793024063,-66.4085922241211,-1.330261468887329,1.9719836711883545,3.130248546600342,3.743442296981812,2.0992348194122314,0.1052277311682701,0.1361666023731231,0.0048168720677495,1.9128493070602417,0.1611225008964538,0.6060510277748108,5.642928600311279,1.1904293298721311,-19.13567924499512,-0.5916708707809448,13.925955772399902,1.0155115127563477,-20.87568473815918,-0.5389986634254456,9.710111618041992,-2.5110225677490234,0.0951697528362274,0.0152903459966182,0.0978094711899757,3.8076155185699454,2.6422762870788574,0.2461538463830948,0.2279520183801651,0.1327272653579712,0.1717869192361831,-32.84523010253906
36.576942443847656,0.0989214107394218,34.367027282714844,35.91740036010742,36.96374130249024,2.59671401977539,224.8768768310547,213.97998046875,96.42806243896484,73.36080169677734,0.4768483340740204,0.3513309955596924,0.3108803331851959,0.4737615883350372,0.6088306903839111,0.2979503571987152,3.992608070373535,2.394258499145508,3.428176164627075,2.5547425746917725,0.0917555764317512,0.5317922234535217,0.37946617603302,23.42049217224121,-13.0322847366333,-0.6947864890098572,11.96486473083496,1.1392107009887695,-12.87446117401123,-0.8902954459190369,0.0184034947305917,2.0554680824279785,1.2722420692443848,0.6401219367980957,2.98766827583313,1.399778962135315,2.2152111530303955,3.553367376327514,1.3413361310958862,7.49108362197876,947.8941650390624,0.2806007862091064,1088.891845703125,0.3181526958942413,-82.79954528808594,-1.098827600479126,1928.428466796875,0.1378609836101532,1131.1168212890625,0.2945900559425354,-75.34854125976562,-1.1908791065216064,2801.406005859375,0.0762007385492324,1086.7742919921875,0.2278625667095184,-73.40972900390625,-1.2421996593475342,2.5939571857452397,2.271974802017212,2.9862301349639893,2.543076753616333,0.1036400943994522,0.1448550969362259,0.0043601333163678,2.3033602237701416,0.1073173955082893,0.4456048905849457,4.147987842559815,1.691434621810913,-15.494640350341797,-0.5377874374389648,13.659207344055176,1.0342897176742554,-16.363658905029297,-0.700911283493042,6.689929008483887,-1.864096403121948,0.093687504529953,0.0083780698478221,0.0642152354121208,4.208416938781738,2.834007978439331,0.2149999886751175,0.2320637106895446,0.1178571358323097,0.0934404730796814,-36.18128204345703
36.656925201416016,0.0838050693273544,34.00127410888672,36.498565673828125,37.87770080566406,3.876426696777344,94.09883880615234,120.4422607421875,330.2651062011719,421.37115478515625,0.4581178724765777,0.3976016640663147,0.2870351374149322,0.4231009483337402,0.6240098476409912,0.3369747102260589,3.141442060470581,1.7428715229034424,1.607907772064209,1.360507249832153,0.0865758657455444,0.695487380027771,-1.217655062675476,-5.867828369140625,-10.790325164794922,-0.7617587447166443,10.765624046325684,1.2041869163513184,-10.325798988342283,-1.1958646774291992,0.0235426910221576,1.7377681732177734,1.2761045694351196,0.5914750099182129,2.3472580909729004,1.4130287170410156,2.038398027420044,3.861929893493652,1.1302462816238403,6.803752899169922,888.30615234375,0.3065508306026459,1168.73974609375,0.2831405103206634,-101.25843811035156,-0.923774480819702,1873.66650390625,0.1352290660142898,1006.0259399414062,0.2833783030509949,-92.3355484008789,-1.0038883686065674,2779.9072265625,0.0791605412960052,1064.9942626953125,0.2189342975616455,-89.97277069091797,-1.0535587072372437,2.871241569519043,1.546228051185608,2.538264274597168,2.507368803024292,0.0981037095189094,0.1528960913419723,0.0025725399609655,3.9020373821258554,0.1137269213795661,0.5847302079200745,2.3082611560821533,2.4236438274383545,-13.420949935913086,-0.6041844487190247,11.577474594116213,1.2901456356048584,-16.235074996948242,-0.7137642502784729,6.056974411010742,-0.3097935020923614,0.0870122909545898,0.013112524524331,0.0518990345299243,2.4048097133636475,2.434077262878418,0.2191666513681411,0.1566555798053741,0.1863636374473571,0.2378797531127929,-36.6333122253418
37.24131774902344,0.068072386085987,34.992610931396484,36.90781784057617,39.70915985107422,4.716548919677734,37.91695022583008,42.60750961303711,22.55594825744629,10.3616361618042,0.4706839621067047,0.4113548994064331,0.3028030693531036,0.4051592350006103,0.6416609287261963,0.3388578593730926,3.5981595516204834,2.1544651985168457,1.9992204904556277,1.2475013732910156,0.0907335951924324,0.7912976741790771,-2.5665688514709477,-2.844035148620605,-8.085517883300781,-1.1542503833770752,9.657303810119627,1.1281278133392334,-11.222020149230955,-1.1810258626937866,0.0214804522693157,2.114790916442871,1.1190084218978882,0.4136624634265899,2.2740237712860107,1.4212357997894287,3.3252551555633545,2.461064577102661,2.95034408569336,2.1988799571990967,940.9613647460938,0.2606121897697449,1131.9078369140625,0.2809858620166778,-99.15397644042967,-0.928019106388092,1911.302734375,0.1191231980919838,1020.85791015625,0.2686082422733307,-89.06360626220703,-1.028156280517578,2811.01318359375,0.0727651119232177,1043.2613525390625,0.2481800466775894,-87.59880065917969,-1.059093952178955,1.461958646774292,2.8010787963867188,4.442373275756836,1.3058838844299316,0.0947384908795356,0.1712926030158996,0.003281621960923,2.924992799758911,0.1191585883498191,0.6950169205665588,1.4069132804870603,3.9941792488098153,-11.56453800201416,-0.7740784287452698,9.693805694580078,1.2857768535614014,-16.7364501953125,-0.7199640870094299,5.34226655960083,1.0509909391403198,0.0859643965959549,0.0140269715338945,0.0514602363109588,2.605210542678833,2.6530611515045166,0.2076922953128814,0.1022179946303367,0.1763636320829391,0.2351507395505905,-36.10763168334961
36.93131256103516,0.1240012422204017,34.219112396240234,34.96285629272461,38.98781204223633,4.768699645996094,45.70365524291992,42.43879699707031,108.25955963134766,147.099365234375,0.3749501407146454,0.6379150748252869,0.2091473489999771,0.371732234954834,0.5518807172775269,0.3427333831787109,4.137566566467285,1.7917580604553225,1.960355520248413,1.174885869026184,0.0716289207339286,0.9397287368774414,-3.576508045196533,-1.9470881223678589,-4.644249439239502,-1.826543092727661,8.913198471069336,1.3129364252090454,-10.309619903564451,-1.1916996240615845,0.0224710162729024,2.160999298095703,1.275466799736023,0.6221135854721069,1.273946762084961,2.9790167808532715,2.2835700511932373,3.6682474613189697,0.8941040635108948,8.966694831848145,977.0322265625,0.2453414499759674,1116.108642578125,0.2915248274803161,-126.72315216064452,-0.7120213508605957,1929.564453125,0.120006576180458,1046.2869873046875,0.2999453842639923,-116.362548828125,-0.7930959463119507,2828.61767578125,0.0679770186543464,1040.5714111328125,0.2318908125162124,-114.4138412475586,-0.825864315032959,2.9258928298950195,1.6807880401611328,2.5623347759246826,2.701699495315552,0.0933230593800544,0.1692030280828476,0.0012487660860642,7.673346042633057,0.1104714572429657,0.6770268678665161,-0.5707293748855591,-9.110614776611328,-8.690783500671387,-0.979564607143402,13.605144500732422,0.920347273349762,-17.31314468383789,-0.7647489905357361,5.5183305740356445,0.3252295851707458,0.0979909896850586,0.02849374525249,0.0626474693417549,2.8056113719940186,2.429149866104126,0.1691666543483734,0.08331248909235,0.2208333313465118,0.2313892096281051,-37.71051406860352
35.20692825317383,0.0593197755515575,34.09365463256836,34.4091682434082,36.87095642089844,2.777301788330078,20.340688705444336,8.40794849395752,210.990234375,188.06130981445312,0.1447915881872177,1.5859063863754272,0.0010339657310396,0.0010339657310396,0.3914035260677337,0.390369564294815,4.504822254180908,1.1027698516845703,2.116142988204956,0.937369704246521,0.0268620885908603,1.7615214586257937,-1.6516259908676147,-3.138162612915039,-1.4411851167678833,-3.5892131328582764,3.394937515258789,2.75231671333313,-3.821725606918335,-2.244226217269897,0.0102585079148411,0.8256502747535706,1.1184576749801636,0.3360025882720947,2.049340009689331,1.9147096872329712,0.6087979674339294,13.999826431274414,0.165693998336792,53.88997650146485,959.9270629882812,0.2786902189254761,1112.2503662109375,0.3414878845214844,-176.50076293945312,-0.3567963540554046,1946.3258056640625,0.143972635269165,1007.3922119140624,0.3212540745735168,-173.08758544921875,-0.3826307952404022,2835.75,0.0731972008943557,1025.6357421875,0.1982232928276062,-172.30368041992188,-0.3956119418144226,3.171318292617798,1.980231523513794,3.088852882385254,2.6948161125183105,0.0948364958167076,0.1717013269662857,0.0011613221140578,6.504201889038086,0.1073149815201759,0.4176465272903442,-1.29770827293396,-4.475172519683838,-5.294554710388184,-1.6455094814300537,16.498668670654297,0.9069989323616028,-16.435474395751953,-0.7236680388450623,6.358404636383057,-0.1723586767911911,0.1081435680389404,0.0620770268142223,0.0668371841311454,1.2024048566818235,0.8097165822982788,0.1674999892711639,0.0965336710214614,1.0425000190734863,1.3604296445846558,-42.36202621459961
